"","X1","authorID","groupID","author_name","author_order","university","department","postal_code","city","state","RP_address","RI","OI","UT","refID","PT","PY","PU","year","country"
"1",4,4,4,"Winnicki, S. K.",1,"kansas state univ","116 ackert hall","66506","manhattan","ks",NA,NA,"0000-0001-8571-6259","WOS:000504953600001",1,"J",2020,"WILEY",2019,"United States"
"2",6,6,6,"O'Connor, Rory C.",1,"kansas state univ","ackert hall","66506","manhattan","ks",NA,NA,"0000-0002-6473-0032","WOS:000504372700001",2,"J",2020,"WILEY",2019,"United States"
"3",12,12,12,"Reinke, Beth A.",1,"penn state univ","dept ecosyst sci & management","16802","university pk","pa",NA,NA,NA,"WOS:000504363000001",3,"J",2020,"WILEY",2019,"United States"
"4",27,27,27,"Shoemaker, Lauren G.",1,"univ wyoming","1000 e univ ave","82017","laramie","wy",NA,NA,"0000-0002-4465-8432","WOS:000504370700001",4,"J",2020,"WILEY",2019,"United States"
"5",34,34,34,"Almaraz, Maya",1,"univ calif santa barbara","natl ctr ecol anal & synth","93101","santa barbara","ca",NA,NA,NA,"WOS:000503540700001",5,"J",2020,"WILEY",2019,"United States"
"6",40,40,40,"Grabowski, Jonathan H.",1,"northeastern univ","430 nahant rd","01908","nahant","ma",NA,NA,NA,"WOS:000503570500001",6,"J",2020,"WILEY",2019,"United States"
"7",49,49,2037,"Tikhonov, Gleb",1,"univ helsinki","organism & evolutionary biol res programme","00014","hki",NA,NA,NA,NA,"WOS:000503768600001",7,"J",2020,"WILEY",2019,"Finland"
"8",52,52,52,"Karatayev, Vadim A.",1,"univ calif davis","one shields ave","95616","davis","ca",NA,NA,NA,"WOS:000502929100001",8,"J",2020,"WILEY",2019,"United States"
"9",53,53,53,"Gross, Avner",1,"univ calif berkeley","dept environm sci policy & management","94720","berkeley","ca",NA,NA,NA,"WOS:000502928700001",9,"J",2020,"WILEY",2019,"United States"
"10",63,63,63,"Marchand, Philippe",1,"univ quebec abitibi temiscamingue","inst rech sur forets","j9x 5e4","pq",NA,NA,NA,"0000-0001-6717-0475","WOS:000502928800001",10,"J",2020,"WILEY",2019,"Canada"
"11",68,68,68,"Yeruham, E.",1,"natl inst oceanog","natl inst oceanog","31080","haifa",NA,NA,NA,NA,"WOS:000502928600001",11,"J",2020,"WILEY",2019,"Israel"
"12",69,69,69,"Henao-Diaz, L. Francisco",1,"univ british columbia","biodivers res ctr","v6t 1z4","bc",NA,NA,NA,"0000-0002-1975-4908","WOS:000502928500001",12,"J",2020,"WILEY",2019,"Canada"
"13",71,71,71,"Agrawal, Anurag A.",1,"cornell univ","dept ecol & evolutionary biol","14853","ithaca","ny",NA,NA,NA,"WOS:000500978900011",13,"J",2019,"WILEY",2019,"United States"
"14",75,75,75,"Buma, B.",1,"univ colorado","dept integrat biol","80217","denver","co",NA,NA,NA,"WOS:000500978900023",14,"J",2019,"WILEY",2019,"United States"
"15",77,77,77,"Carmona, Carlos P.",1,"univ tartu","inst ecol & earth sci","51005","tartu",NA,NA,"J-1536-2012","0000-0001-6935-4913","WOS:000500978900004",15,"J",2019,"WILEY",2019,"Estonia"
"16",83,83,83,"Hill, Jacob E.",1,"suny coll environm sci & forestry","1 forestry dr","13210","syracuse","ny",NA,NA,NA,"WOS:000500978900021",16,"J",2019,"WILEY",2019,"United States"
"17",87,87,87,"Lopez-Rojo, Naiara",1,"univ basque country","fac sci & technol","48940","leioa",NA,NA,NA,NA,"WOS:000500978900026",17,"J",2019,"WILEY",2019,"Spain"
"18",95,95,95,"Stewart, James E.",1,"univ exeter","coll life & environm sci","ex4 4ps","exeter","devon",NA,"Y-4867-2019","0000-0003-4250-0073","WOS:000502379100001",18,"J",2020,"WILEY",2019,"United Kingdom"
"19",98,98,98,"Papp, Katerina",1,"no arizona univ","ctr ecosyst sci & soc","86011","flagstaff","az",NA,NA,"0000-0001-8126-4822","WOS:000498301200001",19,"J",2020,"WILEY",2019,"United States"
"20",101,101,101,"Yang, Louie H.",1,"univ calif davis","dept entomol & nematol","95616","davis","ca",NA,NA,"0000-0002-9237-5357","WOS:000498301500001",20,"J",2020,"WILEY",2019,"United States"
"21",103,103,103,"Thibaut, Loic M.",1,"james cook univ","coll marine & environm sci",NA,"townsville","qld",NA,"G-4284-2011","0000-0003-3813-682X","WOS:000498318000001",21,"J",2020,"WILEY",2019,"Australia"
"22",104,104,104,"Freeman, Nikole E.",1,"univ guelph","dept integrat biol","n1g 2w1","on",NA,NA,NA,NA,"WOS:000497157500001",22,"J",2020,"WILEY",2019,"Canada"
"23",110,110,110,"Giejsztowt, Justyna",1,"victoria univ wellington","sch biol sci",NA,"pob","wellington",NA,NA,"0000-0002-3179-745X","WOS:000497133400001",23,"J",2020,"WILEY",2019,"New Zealand"
"24",111,111,111,"Lamb, Robert W.",1,"brown univ","box g-w","02912","providence","ri",NA,NA,NA,"WOS:000497128900001",24,"J",2020,"WILEY",2019,"United States"
"25",115,115,115,"Lee, Aline Magdalena",1,"norwegian univ sci & technol","dept biol","7491","trondheim",NA,NA,NA,"0000-0001-9272-4249","WOS:000497142600001",25,"J",2020,"WILEY",2019,"Norway"
"26",122,122,122,"Wilber, Mark Q.",1,"colorado state univ","dept biol","80523","ft collins","co",NA,NA,NA,"WOS:000497146000001",26,"J",2020,"WILEY",2019,"United States"
"27",123,123,123,"Coblentz, Kyle E.",1,"univ nebraska","sch biol sci","68588","lincoln","ne",NA,NA,"0000-0002-0069-8491","WOS:000495545000001",27,"J",2020,"WILEY",2019,"United States"
"28",125,125,125,"Barry, Kathryn E.",1,"univ leipzig","inst biol","04103","leipzig",NA,NA,NA,NA,"WOS:000494613500001",28,"J",2020,"WILEY",2019,"Germany"
"29",147,147,147,"Castorani, Max C. N.",1,"univ virginia","dept environm sci","22904","charlottesville","va",NA,NA,"0000-0002-7372-9359","WOS:000494613400001",29,"J",2020,"WILEY",2019,"United States"
"30",149,149,149,"Dobson, Annise",1,"cornell univ","fernow hall","14853","ithaca","ny",NA,NA,NA,"WOS:000494613200001",30,"J",2020,"WILEY",2019,"United States"
"31",151,151,151,"Hoffmann, William A.",1,"north carolina state univ","dept plant & microbial biol","27695","raleigh","nc",NA,"E-8894-2010","0000-0002-1926-823X","WOS:000494613100001",31,"J",2020,"WILEY",2019,"United States"
"32",156,156,156,"Roberts, David W.",1,"montana state univ","pob 173460","59717","bozeman","mt",NA,NA,NA,"WOS:000494613300001",32,"J",2020,"WILEY",2019,"United States"
"33",158,158,158,"Andino, Juan Ernesto Guevara",1,"medio ambiente & salud biomas univ amer","grp investigac biodiversidad",NA,"campus queri","quito",NA,NA,NA,"WOS:000494612900001",33,"J",2019,"WILEY",2019,"Ecuador"
"34",169,169,169,"Bledsoe, Ellen K.",1,"univ florida","103 black hall","32611","gainesville","fl",NA,NA,NA,"WOS:000494707600026",34,"J",2019,"WILEY",2019,"United States"
"35",173,173,173,"Garcia, Tiffany S.",1,"oregon state univ","dept fisheries & wildlife","97331","corvallis","or",NA,NA,NA,"WOS:000494707600027",35,"J",2019,"WILEY",2019,"United States"
"36",176,176,176,"Passy, Sophia, I",1,"univ texas arlington","501 s nedderman dr","76019","arlington","tx",NA,NA,NA,"WOS:000494707600017",36,"J",2019,"WILEY",2019,"United States"
"37",180,180,180,"Van Wyk, Jennifer, I",1,"univ calif davis","1 shields ave","95616","davis","ca",NA,NA,NA,"WOS:000494707600031",37,"J",2019,"WILEY",2019,"United States"
"38",185,185,185,"Vincent, Quentin",1,"univ liege","lab plant & microbial ecol","4000","liege",NA,NA,NA,NA,"WOS:000494707600033",38,"J",2019,"WILEY",2019,"Belgium"
"39",187,187,187,"Zhou, Yong",1,"yale univ","dept ecol & evolutionary biol","06511","new haven","ct",NA,"H-9048-2019","0000-0003-2546-8462","WOS:000494707600003",39,"J",2019,"WILEY",2019,"United States"
"40",188,188,682,"Ciannelli, Lorenzo",1,"oregon state univ","104 ceoas adm bldg","97330","corvallis","or",NA,NA,"0000-0003-3608-2725","WOS:000493009000001",40,"J",2020,"WILEY",2019,"United States"
"41",195,195,195,"Morton, Joseph P.",1,"duke univ","135 duke marine lab rd","28516","beaufort","nc",NA,NA,NA,"WOS:000493015300001",41,"J",2020,"WILEY",2019,"United States"
"42",198,198,198,"Fall, Patricia L.",1,"univ n carolina","9201 univ city blvd","28223","charlotte","nc",NA,NA,NA,"WOS:000492664400001",42,"J",2020,"WILEY",2019,"United States"
"43",202,202,202,"Hofmann, Peter",1,"ufz helmholtz ctr environm res","dept environm microbiol","04318","leipzig",NA,NA,NA,"0000-0002-8404-2544","WOS:000491684700001",43,"J",2019,"WILEY",2019,"Germany"
"44",203,203,203,"Frenken, Thijs",1,"netherlands inst ecol nioo knaw","netherlands inst ecol nioo knaw","6708","pb wageningen",NA,NA,"O-1617-2014","0000-0002-8989-2804","WOS:000490961800001",44,"J",2020,"WILEY",2019,"Netherlands"
"45",212,212,2179,"Kaspari, Michael",1,"univ oklahoma","dept biol","73019","norman","ok",NA,NA,NA,"WOS:000490396200001",45,"J",2019,"WILEY",2019,"United States"
"46",219,219,219,"Renne, Rachel R.",1,"yale univ","sch forestry & environm studies","06511","new haven","ct",NA,NA,NA,"WOS:000489868800001",46,"J",2019,"WILEY",2019,"United States"
"47",221,221,221,"Loeffler, Joerg",1,"univ bonn","dept geog","53115","bonn",NA,NA,NA,NA,"WOS:000489221200001",47,"J",2020,"WILEY",2019,"Germany"
"48",226,226,226,"Welk, Astrid",1,"martin luther univ halle wittenberg","inst biol","06108","halle","saale",NA,NA,NA,"WOS:000489221300001",48,"J",2019,"WILEY",2019,"Germany"
"49",231,231,231,"Maute, Kimberly",1,"univ wollongong","ctr sustainable ecosyst solut",NA,"wollongong","nsw",NA,NA,NA,"WOS:000490633200001",49,"J",2019,"WILEY",2019,"Australia"
"50",233,233,233,"Jackson, Stephen T.",1,"us geol survey","1064 east lowell st","85721","tucson","az",NA,NA,NA,"WOS:000489895400018",50,"J",2019,"WILEY",2019,"United States"
"51",236,236,675,"LoPresti, E. F.",1,"michigan state univ","612 wilson rd","48824","e lansing","mi",NA,NA,NA,"WOS:000489895400001",51,"J",2019,"WILEY",2019,"United States"
"52",240,240,240,"Pfister, Catherine A.",1,"univ chicago","940 e 57th st","60637","chicago","il",NA,NA,NA,"WOS:000489895400006",52,"J",2019,"WILEY",2019,"United States"
"53",248,248,15,"Chase, Jonathan M.",1,"german ctr integrat biodivers res idiv","deutscher pl 5e","04103","leipzig",NA,NA,NA,"0000-0001-5580-4303","WOS:000488690700001",53,"J",2019,"WILEY",2019,"Germany"
"54",290,290,290,"Pigeon, Gabriel",1,"norwegian univ life sci","fac ecol & nat resource management","1432","as",NA,NA,"AAM-9214-2020","0000-0002-9166-8633","WOS:000488689900001",54,"J",2019,"WILEY",2019,"Norway"
"55",297,297,297,"Santos, Micaela",1,"consejo nacl invest cient & tecn","argentine inst dryland res","5500","mendoza",NA,NA,NA,NA,"WOS:000488653200001",55,"J",2019,"WILEY",2019,"Argentina"
"56",300,300,300,"Ellison, Sarah B. Z.",1,"univ alaska anchorage","environm & nat resources inst","99508","anchorage","ak",NA,NA,NA,"WOS:000488212100001",56,"J",2019,"WILEY",2019,"United States"
"57",304,304,304,"Moeller, Holly, V",1,"woods hole oceanog inst","biol dept","02543","woods hole","ma",NA,NA,NA,"WOS:000488212400001",57,"J",2019,"WILEY",2019,"United States"
"58",307,307,307,"Clark, Robert E.",1,"washington state univ","dept entomol","99164","pullman","wa",NA,NA,NA,"WOS:000487502600001",58,"J",2019,"WILEY",2019,"United States"
"59",315,315,315,"Bortolus, Alejandro",1,"consejo nacl invest cient & tecn","ipeec",NA,"puerto madryn","chubut",NA,NA,"0000-0003-3035-315X","WOS:000487454900001",59,"J",2019,"WILEY",2019,"Argentina"
"60",354,354,354,"Burson, Amanda",1,"univ amsterdam","inst biodivers & ecosyst dynam",NA,"dept freshwater & marine ecol","amsterdam",NA,NA,NA,"WOS:000487454100001",60,"J",2019,"WILEY",2019,"Netherlands"
"61",358,358,358,"Chao, Anne",1,"natl tsing hua univ","inst stat","30043","hsinchu",NA,NA,NA,NA,"WOS:000487456500001",61,"J",2019,"WILEY",2019,"China"
"62",360,360,360,"Dawson, Andria",1,"mt royal univ","dept gen educ",NA,"calgary","ab tek",NA,NA,NA,"WOS:000486517800001",62,"J",2019,"WILEY",2019,"Canada"
"63",366,366,366,"Alba, Christina",1,"univ florida","mccarty hall b","32611","gainesville","fl",NA,NA,NA,"WOS:000486000300001",63,"J",2019,"WILEY",2019,"United States"
"64",369,369,369,"Balslev, Henrik",1,"aarhus univ","dept biosci","8000","aarhus",NA,NA,"AAE-4071-2020",NA,"WOS:000485998900001",64,"J",2019,"WILEY",2019,"Denmark"
"65",374,374,374,"Jakopak, Rhiannon P.",1,"univ wyoming","804 e fremont st","82072","laramie","wy",NA,NA,NA,"WOS:000486000000001",65,"J",2019,"WILEY",2019,"United States"
"66",378,378,378,"Nell, Colleen S.",1,"uc irvine","321 steinhaus hall","92697","irvine","ca",NA,NA,"0000-0003-2218-3971","WOS:000485999600001",66,"J",2019,"WILEY",2019,"United States"
"67",379,379,379,"Baudouin, Alice",1,"univ rennes 1","cnrs","35380","paimpont",NA,NA,NA,NA,"WOS:000483752400016",67,"J",2019,"WILEY",2019,"France"
"68",389,389,389,"Chen, Yuxin",1,"sun yat sen univ","sch life sci","51027","guangzhou","guangdong",NA,"H-8672-2019","0000-0003-0658-7562","WOS:000483752400018",68,"J",2019,"WILEY",2019,"China"
"69",394,394,394,"Lee, Marissa R.",1,"george washington univ","dept biol sci","20052","washington","dc",NA,"F-4265-2016","0000-0001-7188-9933","WOS:000483752400027",69,"J",2019,"WILEY",2019,"United States"
"70",403,403,403,"Li, Daijiang",1,"univ florida","dept wildlife ecol & conservat","32611","gainesville","fl",NA,NA,NA,"WOS:000483752400019",70,"J",2019,"WILEY",2019,"United States"
"71",412,412,412,"Pinheiro, Rafael B. P.",1,"univ fed minas gerais","grad sch ecol conservat & wildlife management",NA,"belo horizonte","mg",NA,"C-9721-2016","0000-0003-2342-8483","WOS:000483752400029",71,"J",2019,"WILEY",2019,"Brazil"
"72",414,414,414,"Start, Denon",1,"univ toronto","dept ecol & evolutionary biol","m5s 3b2","on",NA,NA,NA,NA,"WOS:000483752400020",72,"J",2019,"WILEY",2019,"Canada"
"73",426,426,426,"Tian, Di",1,NA,NA,NA,NA,NA,FALSE,NA,NA,"WOS:000483752400007",73,"J",2019,"WILEY",2019,"China"
"74",428,428,428,"Agudelo, Claudia Milena",1,"univ nacl colombia sede medellin","dept ciencias forestales",NA,"cra  a-","medellin",NA,NA,NA,"WOS:000484240500001",74,"J",2019,"WILEY",2019,"Colombia"
"75",434,434,434,"Minucci, Jeffrey M.",1,"univ georgia","140 east green st","30602","athens","ga",NA,NA,"0000-0001-5571-2599","WOS:000484239400001",75,"J",2019,"WILEY",2019,"United States"
"76",455,455,455,"Souza, Yuri",1,"unesp","labic",NA,"rio claro","sp",NA,NA,"0000-0002-2133-0469","WOS:000484242600001",76,"J",2019,"WILEY",2019,"Brazil"
"77",458,458,458,"Cheeke, Tanya E.",1,"washington state univ","2710 crimson way","99354","richland","wa",NA,NA,"0000-0002-5335-6225","WOS:000484243300001",77,"J",2019,"WILEY",2019,"United States"
"78",465,465,465,"Strauss, Alexander T.",1,"univ minnesota","dept ecol evolut & behav","55108","st paul","mn",NA,NA,"0000-0003-0633-8443","WOS:000484242000001",78,"J",2019,"WILEY",2019,"United States"
"79",468,468,468,"Gough, Christopher M.",1,"virginia commonwealth univ","1000 west cary st","23284","richmond","va",NA,NA,NA,"WOS:000484243700001",79,"J",2019,"WILEY",2019,"United States"
"80",470,470,470,"Case, Madelon F.",1,"yale univ","pob 208106","06520","new haven","ct",NA,NA,"0000-0003-4830-5324","WOS:000484007400001",80,"J",2019,"WILEY",2019,"United States"
"81",476,476,476,"Esch, Ellen H.",1,"univ guelph","dept integrat biol","n1g 2w1","on",NA,NA,NA,"0000-0002-4253-0910","WOS:000483898300001",81,"J",2019,"WILEY",2019,"Canada"
"82",478,478,478,"Gerhard, Miriam",1,"carl von ossietzky univ oldenburg","inst chem & biol marine environm icbm","26382","wilhelmshaven",NA,NA,NA,"0000-0002-0472-9435","WOS:000483246200001",82,"J",2019,"WILEY",2019,"Germany"
"83",483,483,483,"Schouten, Olivia S.",1,"wichita state univ","1845 fairmount st","67260","wichita","ks",NA,NA,NA,"WOS:000482859800001",83,"J",2019,"WILEY",2019,"United States"
"84",486,486,486,"Maron, John L.",1,"univ montana","div biol sci","59812","missoula","mt",NA,NA,NA,"WOS:000482859700001",84,"J",2019,"WILEY",2019,"United States"
"85",497,497,497,"Stillhard, Jonas",1,"swiss fed res inst forest snow & landscape res ws","swiss fed res inst forest snow & landscape res ws","8903","birmensdorf",NA,NA,NA,"0000-0001-8850-4817","WOS:000482859600001",85,"J",2019,"WILEY",2019,"Switzerland"
"86",499,499,499,"Chamberlin, Catherine A.",1,"duke univ","nicholas sch environm","27708","durham","nc",NA,NA,NA,"WOS:000482492800001",86,"J",2019,"WILEY",2019,"United States"
"87",504,504,504,"Meunier, Jed",1,"wisconsin dept nat resources","2801 progress rd","53716","madison","wi",NA,NA,NA,"WOS:000482493300001",87,"J",2019,"WILEY",2019,"United States"
"88",509,509,509,"Morales-Molino, Cesar",1,"univ bern","inst plant sci","3013","bern",NA,NA,"B-3315-2011","0000-0002-9464-862X","WOS:000482323600001",88,"J",2019,"WILEY",2019,"Switzerland"
"89",517,517,517,"Pizano, Camila",1,"univ florida","dept biol","32611","gainesville","fl",NA,NA,NA,"WOS:000482324100001",89,"J",2019,"WILEY",2019,"United States"
"90",520,520,520,"Butterfield, Bradley J.",1,"no arizona univ","ctr ecosyst sci & soc","86011","flagstaff","az",NA,NA,NA,"WOS:000482324900001",90,"J",2019,"WILEY",2019,"United States"
"91",523,523,523,"Chen, Cong",1,"netherlands inst ecol","netherlands inst ecol","6708","pb wageningen",NA,NA,NA,"0000-0001-8763-2358","WOS:000482325900001",91,"J",2019,"WILEY",2019,"Netherlands"
"92",528,528,528,"Mougeot, Francois",1,"inst invest recursos cineget irec csic uclm jccm","inst invest recursos cineget irec csic uclm jccm","13005","ciudad real",NA,NA,"B-1894-2009","0000-0002-5819-6275","WOS:000482325300001",92,"J",2019,"WILEY",2019,"Spain"
"93",550,550,550,"Wasson, Kerstin",1,"elkhorn slough natl estuarine res reserve","1700 elkhorn rd","95076","royal oaks","ca",NA,NA,"0000-0002-1858-4505","WOS:000482326300001",93,"J",2019,"WILEY",2019,"United States"
"94",552,552,552,"Garcia-Callejas, David",1,"csic","estn biol donana","41092","seville",NA,NA,"C-3779-2017","0000-0001-6982-476X","WOS:000482324500001",94,"J",2019,"WILEY",2019,"Spain"
"95",557,557,557,"Xu, Xiaoni",1,"east china normal univ","sch ecol & environm sci","20024","shanghai",NA,NA,NA,NA,"WOS:000482325600001",95,"J",2019,"WILEY",2019,"China"
"96",560,560,560,"Gil, M. A.",1,"univ calif davis","dept environm sci & policy","95616","davis","ca",NA,NA,NA,"WOS:000481252300001",96,"J",2019,"WILEY",2019,"United States"
"97",562,562,562,"Khelifa, Rassim",1,"univ british columbia","biodivers res ctr","v6t 1z4","bc",NA,NA,NA,"0000-0001-6632-8787","WOS:000481250500001",97,"J",2019,"WILEY",2019,"Canada"
"98",566,566,566,"Sugiura, Shinji",1,"kobe univ","grad sch agr sci","65785","hyogo",NA,NA,NA,NA,"WOS:000481248200001",98,"J",2019,"WILEY",2019,"Japan"
"99",567,567,567,"Blonder, Benjamin",1,"univ oxford","environm change inst","ox1 3qy","oxford",NA,NA,NA,NA,"WOS:000481249300001",99,"J",2019,"WILEY",2019,"United Kingdom"
"100",574,574,574,"Brousseau, Pierre-Marc",1,"univ quebec montreal","dept sci biol","h2x 1y4","pq",NA,NA,NA,NA,"WOS:000481260700001",100,"J",2019,"WILEY",2019,"Canada"
"101",577,577,577,"Carter, Shannon K.",1,"rice univ","ms-170","77005","houston","tx",NA,NA,NA,"WOS:000481269400001",101,"J",2019,"WILEY",2019,"United States"
"102",580,580,580,"Chen, Lei",1,"chinese acad sci","inst bot","10009","beijing",NA,NA,"C-3543-2012","0000-0002-0625-4808","WOS:000481250400001",102,"J",2019,"WILEY",2019,"China"
"103",587,587,587,"Cortez, Michael H.",1,"florida state univ","dept biol sci","32306","tallahassee","fl",NA,NA,NA,"WOS:000481263500001",103,"J",2019,"WILEY",2019,"United States"
"104",589,589,589,"Fabritius, H.",1,"swedish univ agr sci","swedish species informat ctr","75007","uppsala",NA,NA,NA,NA,"WOS:000481249000001",104,"J",2019,"WILEY",2019,"Sweden"
"105",594,594,594,"McDowall, Philip S.",1,"suny stony brook","610 life sci bldg","11794","stony brook","ny",NA,NA,NA,"WOS:000481254000001",105,"J",2019,"WILEY",2019,"United States"
"106",601,601,601,"McGeoch, Melodie A.",1,"monash univ","sch biol sci",NA,"clayton","vic",NA,NA,NA,"WOS:000481262400001",106,"J",2019,"WILEY",2019,"Australia"
"107",612,612,219,"Renne, Rachel R.",1,"yale univ","sch forestry & environm studies","06511","new haven","ct",NA,NA,NA,"WOS:000481270700001",107,"J",2019,"WILEY",2019,"United States"
"108",617,617,617,"Smith-Martin, Chris M.",1,"univ minnesota","dept plant & microbial biol","55108","st paul","mn",NA,NA,NA,"WOS:000481265100001",108,"J",2019,"WILEY",2019,"United States"
"109",620,620,620,"Tomasek, Bradley J.",1,"duke univ","130 sci dr","27708","durham","nc",NA,NA,NA,"WOS:000481252200001",109,"J",2019,"WILEY",2019,"United States"
"110",634,634,634,"Zhang, Bingwei",1,"sun yat sen univ","sch life sci","51027","guangzhou","guangdong",NA,"AAI-1425-2019","0000-0002-7858-4806","WOS:000481255900001",110,"J",2019,"WILEY",2019,"China"
"111",635,635,635,"Kearney, Michael R.",1,"univ melbourne","sch biosci",NA,"melbourne","vic",NA,NA,NA,"WOS:000481257400001",111,"J",2019,"WILEY",2019,"Australia"
"112",636,636,636,"Allsup, Cassandra",1,"univ wisconsin","1630 linden dr","53706","madison","wi",NA,NA,NA,"WOS:000479015000001",112,"J",2019,"WILEY",2019,"United States"
"113",638,638,638,"Anaya-Rojas, Jaime M.",1,"florida state univ","dept biol sci","32306","tallahassee","fl",NA,NA,NA,"WOS:000478103000008",113,"J",2019,"WILEY",2019,"United States"
"114",646,646,646,"Bailey, H.",1,"univ maryland","chesapeake biol lab","20688","solomons","md",NA,"E-6813-2012","0000-0001-7445-4687","WOS:000478103000009",114,"J",2019,"WILEY",2019,"United States"
"115",652,652,652,"Chung, Y. Anny",1,"univ new mexico",NA,NA,"albuquerque","nm",NA,NA,NA,"WOS:000478103000028",115,"J",2019,"WILEY",2019,"United States"
"116",658,658,658,"Dynarski, Katherine A.",1,"univ calif davis","dept land air & water resources","95616","davis","ca",NA,NA,"0000-0001-5101-9666","WOS:000478103000017",116,"J",2019,"WILEY",2019,"United States"
"117",664,664,664,"Edelfeldt, Stina",1,"univ southern denmark","dept biol","5230","odense m",NA,NA,NA,NA,"WOS:000478103000016",117,"J",2019,"WILEY",2019,"Denmark"
"118",665,665,665,"Germain, Rachel M.",1,"univ british columbia","dept zool","v6t 1z4","bc",NA,NA,NA,NA,"WOS:000478103000024",118,"J",2019,"WILEY",2019,"Canada"
"119",670,670,329,"Hacker, Sally D.",1,"oregon state univ","dept integrat biol","97331","corvallis","or",NA,NA,NA,"WOS:000478103000018",119,"J",2019,"WILEY",2019,"United States"
"120",674,674,674,"Karban, R.",1,"univ calif davis","dept entomol & nematol","95616","davis","ca",NA,NA,NA,"WOS:000478103000010",120,"J",2019,"WILEY",2019,"United States"
"121",677,677,677,"Kazenel, Melanie R.",1,"univ new mexico","dept biol","87131","albuquerque","nm",NA,NA,"0000-0002-2101-1062","WOS:000478103000013",121,"J",2019,"WILEY",2019,"United States"
"122",683,683,683,"Litzow, Michael A.",1,"univ alaska fairbanks","coll fisheries & ocean sci","99615","kodiak","ak",NA,NA,NA,"WOS:000478103000019",122,"J",2019,"WILEY",2019,"United States"
"123",689,689,689,"Loke, Lynette H. L.",1,"natl univ singapore","dept biol sci","11754","singapore",NA,NA,NA,NA,"WOS:000478103000027",123,"J",2019,"WILEY",2019,"Singapore"
"124",694,694,694,"Moneghetti, Joanne",1,"james cook univ","coll sci & engn",NA,"townsville","qld",NA,NA,NA,"WOS:000478103000002",124,"J",2019,"WILEY",2019,"Australia"
"125",699,699,699,"Ren, Ze",1,"lanzhou univ","state key lab grassland agroecosyst","73002","lanzhou","gansu",NA,NA,"0000-0002-1473-2697","WOS:000478103000025",125,"J",2019,"WILEY",2019,"China"
"126",705,705,705,"Roberts, T. Edward",1,"james cook univ","australian res council ctr excellent coral reef s",NA,"townsville","qld",NA,NA,"0000-0002-4555-8281","WOS:000478103000014",126,"J",2019,"WILEY",2019,"Australia"
"127",709,709,709,"Stroud, J. T.",1,"florida int univ","11200 sw 8th st","33199","miami","fl",NA,NA,"0000-0003-0734-6795","WOS:000478103000007",127,"J",2019,"WILEY",2019,"United States"
"128",715,715,715,"Tobler, Mathias W.",1,"san diego zoo global","15600 san pasqual valley rd","92027","escondido","ca",NA,NA,NA,"WOS:000478103000026",128,"J",2019,"WILEY",2019,"United States"
"129",717,717,2446,"Umana, Maria N.",1,"univ michigan","dept ecol & evolutionary biol","48019","ann arbor","mi",NA,NA,NA,"WOS:000478103000012",129,"J",2019,"WILEY",2019,"United States"
"130",720,720,720,"van Klink, Roel",1,"czech acad sci","inst bot","37982","trebon",NA,NA,NA,"0000-0002-8125-1463","WOS:000478103000006",130,"J",2019,"WILEY",2019,"Czech Republic"
"131",726,726,726,"Visakorpi, Kristiina",1,"univ oxford","dept zool","ox1 3sz","oxford",NA,NA,NA,NA,"WOS:000478103000023",131,"J",2019,"WILEY",2019,"United Kingdom"
"132",729,729,729,"Yamaura, Yuichi",1,"forestry & forest prod res inst","forestry & forest prod res inst","30586","ibaraki",NA,NA,"A-3638-2012","0000-0001-9355-4413","WOS:000478103000021",132,"J",2019,"WILEY",2019,"Japan"
"133",734,734,734,"Weinstein, Sara B.",1,"univ utah","dept biol","84112","salt lake city","ut",NA,NA,NA,"WOS:000479749800001",133,"J",2019,"WILEY",2019,"United States"
"134",735,735,735,"de Santiago-Hernandez, Martin H.",1,"univ nacl autonoma mexico","unidad morelia","58190","morelia","michoacan",NA,NA,NA,"WOS:000479643400001",134,"J",2019,"WILEY",2019,"Mexico"
"135",743,743,743,"Stanton, Daniel E.",1,"princeton univ","dept ecol & evolutionary biol","08544","princeton","nj",NA,NA,"0000-0002-6713-9328","WOS:000479645800001",135,"J",2019,"WILEY",2019,"United States"
"136",746,746,746,"Crees, Jennifer J.",1,"zool soc london","inst zool","nw1 4ry","london",NA,NA,NA,"0000-0001-9240-1204","WOS:000479409500001",136,"J",2019,"WILEY",2019,"United Kingdom"
"137",750,750,750,"Cozzoli, Francesco",1,"univ salerno","dept biol & environm sci & technol","73100","lecce",NA,NA,"K-1273-2019","0000-0002-6413-0977","WOS:000480352700001",137,"J",2019,"WILEY",2019,"Italy"
"138",766,766,766,"Odonne, Guillaume",1,"univ guyane","ifremer","97300","cayenne",NA,NA,NA,NA,"WOS:000480353000001",138,"J",2019,"WILEY",2019,"France"
"139",773,773,773,"Preston, Daniel L.",1,"univ wisconsin","dept forest & wildlife ecol","53706","madison","wi",NA,NA,NA,"WOS:000480353400001",139,"J",2019,"WILEY",2019,"United States"
"140",778,778,778,"Stavert, Jamie R.",1,"univ auckland","sch biol sci",NA,"ctr biodivers & biosecur","auckland",NA,NA,NA,"WOS:000479696900001",140,"J",2019,"WILEY",2019,"New Zealand"
"141",780,780,780,"Wang, Shaopeng",1,"peking univ","key lab earth surface proc","10087","beijing",NA,NA,"J-7091-2012",NA,"WOS:000480352300001",141,"J",2019,"WILEY",2019,"China"
"142",785,785,734,"Weinstein, Sara B.",1,"univ utah","sch biol sci","84112","salt lake city","ut",NA,NA,NA,"WOS:000477300400001",142,"J",2019,"WILEY",2019,"United States"
"143",791,791,791,"Zak, Donald R.",1,"univ michigan","sch environm & sustainabil","48109","ann arbor","mi",NA,NA,NA,"WOS:000477297900001",143,"J",2019,"WILEY",2019,"United States"
"144",794,794,794,"Sun, Catherine C.",1,"cornell univ","226 mann dr","14853","ithaca","ny",NA,NA,NA,"WOS:000478504900001",144,"J",2019,"WILEY",2019,"United States"
"145",795,795,795,"Brook, Barry W.",1,"univ tasmania","sch nat sci",NA,"hobart","tas",NA,NA,NA,"WOS:000476192600001",145,"J",2019,"WILEY",2019,"Australia"
"146",801,801,801,"Davis, Julie K.",1,"univ massachusetts","stockbridge sch agr","01003","amherst","ma",NA,NA,"0000-0002-4902-675X","WOS:000476194300001",146,"J",2019,"WILEY",2019,"United States"
"147",809,809,809,"Nunez-Mir, Gabriela C.",1,"purdue univ","dept forestry & nat resources","47906","w lafayette","in",NA,NA,"0000-0003-2426-3393","WOS:000476190500001",147,"J",2019,"WILEY",2019,"United States"
"148",818,818,463,"Seabloom, Eric W.",1,"univ minnesota","dept ecol evolut & behav","55108","st paul","mn",NA,NA,"0000-0001-6780-9259","WOS:000476195200001",148,"J",2019,"WILEY",2019,"United States"
"149",824,824,824,"Silva, Giliandro G.",1,"univ vale rio sinos unisinos","lab ecol & conservat aquat ecosyst",NA,"sao leopoldo","rs",NA,"T-3966-2019","0000-0001-5903-4043","WOS:000474913200001",149,"J",2019,"WILEY",2019,"Brazil"
"150",834,834,834,"Toth, L. T.",1,"us geol survey","st petersburg coastal & marine sci ctr","33701","st petersburg","fl",NA,NA,NA,"WOS:000474914500001",150,"J",2019,"WILEY",2019,"United States"
"151",840,840,840,"Hicks, Olivia",1,"univ liverpool","sch environm sci","l69 3bx","liverpool","merseyside",NA,NA,"0000-0002-6938-9670","WOS:000477195700001",151,"J",2019,"WILEY",2019,"United Kingdom"
"152",844,844,844,"Germany, Markus S.",1,"univ kiel","inst ecosyst res geobot","24118","kiel",NA,NA,NA,NA,"WOS:000477538300001",152,"J",2019,"WILEY",2019,"Germany"
"153",851,851,851,"Virta, Leena",1,"univ helsinki","dept geosci & geog","00014","f hki",NA,NA,NA,NA,"WOS:000477538800001",153,"J",2019,"WILEY",2019,"Finland"
"154",853,853,853,"Zepeda, Veronica",1,"univ nacl autonoma mexico","fac ciencias","04510","mexico city","df",NA,NA,NA,"WOS:000473962200001",154,"J",2019,"WILEY",2019,"Mexico"
"155",855,855,855,"Brooks, Mollie E.",1,"tech univ denmark","natl inst aquat resources","2800","lyngby",NA,NA,NA,"0000-0001-6963-8326","WOS:000474286800019",155,"J",2019,"WILEY",2019,"Denmark"
"156",861,861,861,"Butler, Orpheus M.",1,"griffith univ","griffith sch environm & sci",NA,"nathan","qld",NA,"I-4651-2019","0000-0001-5345-7889","WOS:000474286800005",156,"J",2019,"WILEY",2019,"Australia"
"157",868,868,868,"Chambers, Lisa G.",1,"univ cent florida","4000 cent florida blvd bio 302","32816","orlando","fl",NA,NA,NA,"WOS:000474286800024",157,"J",2019,"WILEY",2019,"United States"
"158",871,871,871,"Crone, Elizabeth E.",1,"tufts univ","dept biol","02145","medford","ma",NA,NA,NA,"WOS:000474286800009",158,"J",2019,"WILEY",2019,"United States"
"159",877,877,877,"Donnelly, Ruairi",1,"univ cambridge","dept plant sci","cb2 3ea","cambridge",NA,NA,"A-5521-2013","0000-0001-7642-0317","WOS:000474286800014",159,"J",2019,"WILEY",2019,"United Kingdom"
"160",879,879,879,"Dove, Nicholas C.",1,"univ calif","environm syst grad grp","95343","merced","ca",NA,NA,NA,"WOS:000474286800002",160,"J",2019,"WILEY",2019,"United States"
"161",883,883,883,"Jentsch, Anke",1,"bayreuth univ","disturbance ecol","95440","bayreuth",NA,NA,NA,NA,"WOS:000474286800026",161,"J",2019,"WILEY",2019,"Germany"
"162",886,886,886,"Lamy, Thomas",1,"univ calif santa barbara","marine sci inst","93106","santa barbara","ca",NA,"K-9430-2015","0000-0002-7881-0578","WOS:000474286800025",162,"J",2019,"WILEY",2019,"United States"
"163",891,891,891,"LeCraw, Robin M.",1,"univ british columbia","dept zool","v6t 1z4","bc",NA,NA,NA,NA,"WOS:000474286800001",163,"J",2019,"WILEY",2019,"Canada"
"164",894,894,894,"Majumder, Sabiha",1,"indian inst sci","indian inst sci","rnata","kaka",NA,NA,NA,NA,"WOS:000474286800013",164,"J",2019,"WILEY",2019,"India"
"165",898,898,486,"Maron, John L.",1,"univ montana","div biol sci","59812","missoula","mt",NA,NA,NA,"WOS:000474286800018",165,"J",2019,"WILEY",2019,"United States"
"166",901,901,901,"Menegotto, Andre",1,"univ sul santa catarina","lab ciencias marinhas","88704900","tubarao","sc",NA,"M-5465-2019","0000-0002-8510-687X","WOS:000474286800023",166,"J",2019,"WILEY",2019,"Brazil"
"167",906,906,906,"Ng'weno, Caroline C.",1,"univ wyoming","dept zool & physiol","82071","laramie","wy",NA,NA,NA,"WOS:000474286800006",167,"J",2019,"WILEY",2019,"United States"
"168",910,910,910,"Pacifici, Michela",1,"sapienza univ roma","dipartimento biol & biotecnol charles darwin",NA,"global mammal assessment programme","rome",NA,NA,NA,"WOS:000474286800015",168,"J",2019,"WILEY",2019,"Italy"
"169",914,914,914,"Pillai, Pradeep",1,"northeastern univ","430 nahant rd","01908","nahant","ma",NA,NA,NA,"WOS:000474286800011",169,"J",2019,"WILEY",2019,"United States"
"170",915,915,915,"Portier, Evan",1,"univ calif berkeley","dept environm sci policy & management","94720","berkeley","ca",NA,NA,NA,"WOS:000474286800028",170,"J",2019,"WILEY",2019,"United States"
"171",947,947,947,"Roy-Dufresne, Emilie",1,NA,NA,NA,NA,NA,FALSE,NA,NA,"WOS:000474286800003",171,"J",2019,"WILEY",2019,"Australia"
"172",1422,1422,1422,"Santos, Paloma Marques",1,NA,NA,NA,NA,NA,FALSE,"AAF-4762-2019","0000-0002-6932-1406","WOS:000474286800022",172,"J",2019,"WILEY",2019,"Brazil"
"173",1478,1478,1478,"Schreiber, S. J.",1,"univ calif davis","dept evolut & ecol","95616","davis","ca",NA,NA,NA,"WOS:000474286800021",173,"J",2019,"WILEY",2019,"United States"
"174",1487,1487,1487,"Simon, Troy N.",1,"univ georgia","odum sch ecol","30602","athens","ga",NA,NA,NA,"WOS:000474286800010",174,"J",2019,"WILEY",2019,"United States"
"175",1495,1495,1495,"Smith, Justine A.",1,"univ calif berkeley","dept environm sci policy & management","94720","berkeley","ca",NA,NA,NA,"WOS:000474286800017",175,"J",2019,"WILEY",2019,"United States"
"176",1499,1499,1499,"Stark, Sari",1,"univ lapland","arctic ctr","96100","rovaniemi",NA,NA,NA,NA,"WOS:000474286800007",176,"J",2019,"WILEY",2019,"Finland"
"177",1502,1502,1502,"Stotz, Gisela C.",1,"univ alberta","dept biol sci","t6g 2e9","ab",NA,NA,NA,"0000-0001-8687-7361","WOS:000474286800029",177,"J",2019,"WILEY",2019,"Canada"
"178",1504,1504,1504,"Tierney, Julie A.",1,"univ georgia","odum sch ecol","30602","athens","ga",NA,NA,NA,"WOS:000474286800027",178,"J",2019,"WILEY",2019,"United States"
"179",1507,1507,308,"Crowder, David W.",1,"washington state univ","dept entomol","99164","pullman","wa",NA,NA,NA,"WOS:000473739600001",179,"J",2019,"WILEY",2019,"United States"
"180",1513,1513,1513,"Laidre, Mark E.",1,"dartmouth coll","dept biol sci","03755","hanover","nh",NA,NA,NA,"WOS:000473739400001",180,"J",2019,"WILEY",2019,"United States"
"181",1523,1523,1523,"Meng, Fandong",1,"chinese acad sci","inst tibetan plateau res","10010","beijing",NA,NA,NA,NA,"WOS:000479641700001",181,"J",2019,"WILEY",2019,"China"
"182",1532,1532,1532,"Adams, Benjamin J.",1,"nat hist museum los angeles cty","urban nat res ctr","90007","los angeles","ca",NA,NA,"0000-0002-5857-175X","WOS:000474127300011",182,"J",2019,"WILEY",2019,"United States"
"183",1535,1535,1535,"Alda, Pilar",1,"univ nacl sur","dept biol bioquim & farm",NA,"bahia blanca","buenos aires",NA,NA,NA,"WOS:000474127300012",183,"J",2019,"WILEY",2019,"Argentina"
"184",1540,1540,1540,"Bastille-Rousseau, Guillaume",1,"suny syracuse","dept environm & forest biol","13210","syracuse","ny",NA,NA,NA,"WOS:000474127300026",184,"J",2019,"WILEY",2019,"United States"
"185",1547,1547,1547,"Dubart, Maxime",1,"univ paul valery montpellier","univ montpellier","34293","montpellier",NA,NA,NA,NA,"WOS:000474127300021",185,"J",2019,"WILEY",2019,"France"
"186",1552,1552,1552,"Fletcher, Robert J., Jr.",1,"univ florida","110 newins ziegler hall","32611","gainesville","fl",NA,NA,NA,"WOS:000474127300007",186,"J",2019,"WILEY",2019,"United States"
"187",1560,1560,1560,"Hines, Jes",1,"german ctr integrat biodivers res idiv","deutsch pl 5e","04103","leipzig",NA,NA,NA,NA,"WOS:000474127300024",187,"J",2019,"WILEY",2019,"Germany"
"188",1566,1566,1566,"Huryn, Alexander D.",1,"univ alabama","dept biol sci","35487","tuscaloosa","al",NA,NA,NA,"WOS:000474127300001",188,"J",2019,"WILEY",2019,"United States"
"189",1568,1568,1568,"Johnson, Christopher A.",1,"univ arizona","pob 210088","85721","tucson","az",NA,NA,"0000-0001-6388-8770","WOS:000474127300015",189,"J",2019,"WILEY",2019,"United States"
"190",1571,1571,1571,"Levin, Sam C.",1,NA,NA,NA,NA,NA,FALSE,NA,"0000-0002-3289-9925","WOS:000474127300020",190,"J",2019,"WILEY",2019,"Germany"
"191",1573,1573,1573,"Marleau, Justin N.",1,"mcgill univ","dept biol","h3a 1b1","pq",NA,NA,"AAH-3852-2019","0000-0002-6829-7715","WOS:000474127300006",191,"J",2019,"WILEY",2019,"Canada"
"192",1576,1576,1576,"Moreira, Xoaquin",1,"csic","mbg","36080","pontevedra","galicia",NA,NA,NA,"WOS:000474127300014",192,"J",2019,"WILEY",2019,"Spain"
"193",1579,1579,1579,"Pacifici, Krishna",1,"north carolina state univ","dept forestry & environm resources","27695","raleigh","nc",NA,"AAF-5171-2020","0000-0002-7518-7186","WOS:000474127300019",193,"J",2019,"WILEY",2019,"United States"
"194",1585,1585,1585,"Plard, Floriane",1,"swiss ornithol inst","swiss ornithol inst","6204","sempach",NA,NA,NA,NA,"WOS:000474127300029",194,"J",2019,"WILEY",2019,"Switzerland"
"195",1749,1749,1747,"Rodrigues, Roberta Costa",1,"univ sao paulo","programa posgrad ecol","5508090","sao paulo","sp",NA,"T-2927-2019","0000-0001-6538-7945","WOS:000474127300017",195,"J",2019,"WILEY",2019,"Brazil"
"196",1750,1750,1747,"Rodrigues, Roberta Costa",1,"univ sao paulo","programa posgrad ecol","5508090","sao paulo","sp",NA,"T-2927-2019","0000-0001-7556-9021","WOS:000474127300017",195,"J",2019,"WILEY",2019,"Brazil"
"197",1776,1776,1776,"Rypkema, Diana C.",1,"stanford univ","371 serra mall","94305","stanford","ca",NA,"I-5820-2019","0000-0001-9952-3749","WOS:000474127300023",196,"J",2019,"WILEY",2019,"United States"
"198",1783,1783,1783,"Saunders, Sarah P.",1,"michigan state univ","288 farm lane rm 203","48824","e lansing","mi",NA,NA,"0000-0002-2688-9528","WOS:000474127300028",197,"J",2019,"WILEY",2019,"United States"
"199",1788,1788,1788,"Schwartz, Naomi B.",1,"univ british columbia","dept geog","v6t 1z2","bc",NA,NA,NA,NA,"WOS:000474127300005",198,"J",2019,"WILEY",2019,"Canada"
"200",1792,1792,1792,"Tamashiro, Ryan A.",1,"univ florida","dept biol","32611","gainesville","fl",NA,NA,"0000-0002-6027-2070","WOS:000474127300025",199,"J",2019,"WILEY",2019,"United States"
"201",1797,1797,1797,"Ulrich, Danielle E. M.",1,"los alamos natl lab","pob 1663 ms m888","87545","los alamos","nm",NA,NA,NA,"WOS:000474127300008",200,"J",2019,"WILEY",2019,"United States"
"202",1805,1805,1805,"Van Schmidt, Nathan D.",1,"univ calif berkeley","130 mulford hall 3114","94720","berkeley","ca",NA,NA,NA,"WOS:000474127300009",201,"J",2019,"WILEY",2019,"United States"
"203",1809,1809,1809,"Waring, Bonnie G.",1,"univ minnesota","dept ecol evolut & behav","55108","st paul","mn",NA,NA,"0000-0002-8457-5164","WOS:000474127300002",202,"J",2019,"WILEY",2019,"United States"
"204",1813,1813,1813,"Wimp, Gina M.",1,"georgetown univ","dept biol","20057","washington","dc",NA,"AAT-3776-2020",NA,"WOS:000474127300022",203,"J",2019,"WILEY",2019,"United States"
"205",1817,1817,1817,"Wood, T. J.",1,"michigan state univ","dept entomol","48824","e lansing","mi",NA,"I-7025-2019","0000-0001-5653-224X","WOS:000474127300004",204,"J",2019,"WILEY",2019,"United States"
"206",1820,1820,1820,"Wright, Wilson J.",1,"montana state univ","dept ecol","59717","bozeman","mt",NA,NA,NA,"WOS:000474127300018",205,"J",2019,"WILEY",2019,"United States"
"207",1822,1822,101,"Yang, Louie H.",1,"univ calif davis","dept entomol & nematol","95616","davis","ca",NA,NA,NA,"WOS:000474127300013",206,"J",2019,"WILEY",2019,"United States"
"208",1825,1825,1786,"Zipkin, Elise F.",1,"michigan state univ","evolutionary biol & behav program","48824","e lansing","mi",NA,NA,"0000-0003-4155-6139","WOS:000474127300027",207,"J",2019,"WILEY",2019,"United States"
"209",1827,1827,1827,"Hock, Maria",1,"univ kiel","inst ecosyst res geobot","24118","kiel",NA,NA,NA,NA,"WOS:000477642200015",208,"J",2019,"WILEY",2019,"Germany"
"210",1831,1831,1831,"Terborgh, John",1,"duke univ","pob 90381","27708","durham","nc",NA,NA,NA,"WOS:000477642200011",209,"J",2019,"WILEY",2019,"United States"
"211",1834,1834,1834,"Armitage, David W.",1,"univ notre dame","100 galvin life sci ctr","46556","notre dame","in",NA,NA,NA,"WOS:000477642200013",210,"J",2019,"WILEY",2019,"United States"
"212",1836,1836,1836,"Bashevkin, Samuel M.",1,"univ calif davis","bodega marine lab","94923","bodega bay","ca",NA,NA,"0000-0001-7406-7089","WOS:000477642200019",211,"J",2019,"WILEY",2019,"United States"
"213",1839,1839,1839,"Brodie, Jedediah F.",1,"univ montana","32 campus dr","59812","missoula","mt",NA,NA,NA,"WOS:000477642200014",212,"J",2019,"WILEY",2019,"United States"
"214",1843,1843,1843,"Buchkowski, Robert W.",1,"yale univ","sch forestry & environm studies","06511","new haven","ct",NA,NA,NA,"WOS:000477642200021",213,"J",2019,"WILEY",2019,"United States"
"215",1847,1847,1847,"Denk, Tobias R. A.",1,"karlsruhe inst technol","inst meteorol & climate res","82467","garmisch partenkirchen",NA,NA,NA,NA,"WOS:000477642200020",214,"J",2019,"WILEY",2019,"Germany"
"216",1851,1851,1851,"Dillon, Whalen W.",1,"north carolina state univ","dept forestry & environm resources","27695","raleigh","nc",NA,NA,"0000-0001-8171-0407","WOS:000477642200017",215,"J",2019,"WILEY",2019,"United States"
"217",1856,1856,1856,"Hung, Keng-Lou James",1,"univ calif san diego","9500 gilman dr","92093","la jolla","ca",NA,"H-6043-2019","0000-0002-1557-3958","WOS:000477642200007",216,"J",2019,"WILEY",2019,"United States"
"218",1858,1858,1858,"Jarvis, Susan G.",1,"lancaster environm ctr","ctr ecol & hydrol","la1 4ap","lancaster",NA,NA,"F-2362-2019","0000-0001-5382-5135","WOS:000477642200004",217,"J",2019,"WILEY",2019,"United Kingdom"
"219",1867,1867,1867,"Larson, Eric R.",1,"univ illinois","dept nat resources & environm sci","61801","urbana","il",NA,"P-8253-2016","0000-0002-9232-5907","WOS:000477642200001",218,"J",2019,"WILEY",2019,"United States"
"220",1872,1872,1872,"Lowe, Winsor H.",1,"univ montana","div biol sci","59812","missoula","mt",NA,NA,NA,"WOS:000477642200005",219,"J",2019,"WILEY",2019,"United States"
"221",1874,1874,1874,"Mahon, Michael B.",1,"miami univ","700 e high st","45056","oxford","oh",NA,NA,"0000-0002-9436-2998","WOS:000477642200018",220,"J",2019,"WILEY",2019,"United States"
"222",1882,1882,1882,"Mendoza-Henao, Angela M.",1,"inst invest recursos biol alexand von humboldt","inst invest recursos biol alexand von humboldt","encia","programa cis biodiversidad","bogota",NA,"D-6346-2013","0000-0002-6752-9238","WOS:000477642200026",221,"J",2019,"WILEY",2019,"Colombia"
"223",1891,1891,1891,"Penuelas, Josep",1,"uab","csic","08193","bellaterra",NA,NA,NA,NA,"WOS:000477642200003",222,"J",2019,"WILEY",2019,"Spain"
"224",1899,1899,1899,"Pessarrodona, Albert",1,"csic","ceab","17300","blanes",NA,NA,NA,"0000-0002-6057-9937","WOS:000477642200006",223,"J",2019,"WILEY",2019,"Spain"
"225",1902,1902,1902,"Ramula, Satu",1,"univ turku","dept biol","20014","turku",NA,NA,NA,NA,"WOS:000477642200002",224,"J",2019,"WILEY",2019,"Finland"
"226",1904,1904,1904,"Schnitzer, Stefan A.",1,"marquette univ","pob 1881","53201","milwaukee","wi",NA,NA,"0000-0002-2715-9455","WOS:000477642200008",225,"J",2019,"WILEY",2019,"United States"
"227",1910,1910,1910,"van der Sande, Masha T.",1,"ufz helmholtz ctr environm res","dept community ecol","06120","halle","saale",NA,NA,"0000-0002-6845-2308","WOS:000477642200016",226,"J",2019,"WILEY",2019,"Germany"
"228",1914,1914,1914,"Viera-Perez, M.",1,"univ las palmas gran canaria","csic","35214","telde",NA,NA,NA,NA,"WOS:000477642200022",227,"J",2019,"WILEY",2019,"Spain"
"229",1922,1922,1922,"Wilson, Benjamin J.",1,"florida int univ","dept biol sci","33199","miami","fl",NA,NA,"0000-0003-4067-8978","WOS:000477642200009",228,"J",2019,"WILEY",2019,"United States"
"230",1933,1933,1933,"Yuan, Zuoqiang",1,"chinese acad sci","inst appl ecol","11016","shenyang","liaoning",NA,NA,NA,"WOS:000477642200012",229,"J",2019,"WILEY",2019,"China"
"231",1941,1941,1941,"Zhao, Zihua",1,"china agr univ","dept entomol","10019","beijing",NA,NA,NA,NA,"WOS:000477642200010",230,"J",2019,"WILEY",2019,"China"
"232",1947,1947,1947,"Palmer-Young, Evan C.",1,NA,NA,NA,NA,NA,FALSE,NA,"0000-0002-9258-2073","WOS:000467882700001",231,"J",2019,"WILEY",2019,"United States"
"233",1953,1953,1953,"Cheng, Brian S.",1,"smithsonian inst","tennenbaum marine observ network","20013","washington","dc",NA,NA,NA,"WOS:000462934100016",232,"J",2019,"WILEY",2019,"United States"
"234",1956,1956,1956,"Cuellar-Gempeler, Catalina",1,"humboldt state univ","1st harpst st","95521","arcata","ca",NA,NA,NA,"WOS:000462934100002",233,"J",2019,"WILEY",2019,"United States"
"235",1958,1958,1958,"Davies, W. James",1,"univ liverpool","inst integrat biol","l69 7zb","liverpool","merseyside",NA,NA,NA,"WOS:000462934100012",234,"J",2019,"WILEY",2019,"United Kingdom"
"236",1968,1968,1968,"Draper, Frederick C.",1,"arizona state univ","975 s myrtle ave","85287","tempe","az",NA,NA,NA,"WOS:000462934100009",235,"J",2019,"WILEY",2019,"United States"
"237",1985,1985,1985,"Harvey, Eric",1,"univ zurich","dept evolutionary biol & environm studies","8057","zurich",NA,NA,NA,"0000-0002-8601-7326","WOS:000462934100013",236,"J",2019,"WILEY",2019,"Switzerland"
"238",1992,1992,1992,"Hertzog, Lionel R.",1,"univ ghent","dept biol","9000","ghent",NA,NA,NA,NA,"WOS:000462934100006",237,"J",2019,"WILEY",2019,"Belgium"
"239",2004,2004,2004,"Johnston, Aaron N.",1,"us geol survey","suite 2","59715","bozeman","mt",NA,NA,NA,"WOS:000462934100017",238,"J",2019,"WILEY",2019,"United States"
"240",2007,2007,2007,"Lavender, Thomas Michael",1,"queens univ","dept biol sci","k7l 3n6","on",NA,NA,NA,NA,"WOS:000462934100021",239,"J",2019,"WILEY",2019,"Canada"
"241",2010,2010,2010,"Leinbach, Israel L.",1,"arizona state univ","sch life sci","85287","tempe","az",NA,NA,NA,"WOS:000462934100010",240,"J",2019,"WILEY",2019,"United States"
"242",2013,2013,2013,"Lemoine, Nathan P.",1,"colorado state univ","dept biol","80526","ft collins","co",NA,NA,NA,"WOS:000462934100005",241,"J",2019,"WILEY",2019,"United States"
"243",2016,2016,2016,"Mellard, Jarad P.",1,"ctr biodivers theory & modelling",NA,"09200","moulis",NA,NA,NA,NA,"WOS:000462934100003",242,"J",2019,"WILEY",2019,"France"
"244",2018,2018,2018,"Nasto, Megan K.",1,"univ montana","dept ecosyst & conservat sci","59812","missoula","mt",NA,NA,NA,"WOS:000462934100022",243,"J",2019,"WILEY",2019,"United States"
"245",2027,2027,2027,"Oates, B. A.",1,"idaho dept fish & game",NA,"83712","boise","id",NA,NA,NA,"WOS:000462934100014",244,"J",2019,"WILEY",2019,"United States"
"246",2031,2031,48,"Ovaskainen, Otso",1,"univ helsinki","organismal & evolutionary biol res programme","00014","f hki",NA,NA,"D-9119-2012","0000-0001-9750-4421","WOS:000462934100024",245,"J",2019,"WILEY",2019,"Finland"
"247",2038,2038,2038,"Rosenblatt, Adam E.",1,"yale univ","370 prospect st","06511","new haven","ct",NA,"J-1327-2014","0000-0002-5265-7720","WOS:000462934100019",246,"J",2019,"WILEY",2019,"United States"
"248",2050,2050,2050,"Sullivan, Benjamin W.",1,"univ nevada","dept nat resources & environm sci","89557","reno","nv",NA,NA,NA,"WOS:000462934100020",247,"J",2019,"WILEY",2019,"United States"
"249",2055,2055,2055,"Suraci, Justin P.",1,"univ calif santa cruz","ctr integrated spatial res","95064","santa cruz","ca",NA,NA,NA,"WOS:000462934100025",248,"J",2019,"WILEY",2019,"United States"
"250",2060,2060,2060,"Taylor, Benton N.",1,"smithsonian environm res ctr","647 contees wharf rd","21037","edgewater","md",NA,NA,NA,"WOS:000462934100018",249,"J",2019,"WILEY",2019,"United States"
"251",2065,2065,2065,"Ulrich, Werner",1,"nicolaus copernicus univ",NA,NA,"dept ecol & biogeog","torun",NA,NA,NA,"WOS:000462934100023",250,"J",2019,"WILEY",2019,"Poland"
"252",2072,2072,2072,"Waddle, Ellen",1,"univ colorado","environm studies program","80302","boulder","co",NA,NA,NA,"WOS:000462934100015",251,"J",2019,"WILEY",2019,"United States"
"253",2079,2079,2079,"Zhang, Youzheng",1,"fudan univ","sch life sci","20043","shanghai",NA,NA,NA,NA,"WOS:000462934100008",252,"J",2019,"WILEY",2019,"China"
"254",2083,2083,2083,"Zirbel, Chad R.",1,"michigan state univ","dept plant biol","48824","e lansing","mi",NA,NA,NA,"WOS:000462934100011",253,"J",2019,"WILEY",2019,"United States"
"255",2084,2084,2084,"Caplan, Joshua S.",1,"temple univ","580 meetinghouse rd","19002","ambler","pa",NA,"AAF-2831-2019","0000-0003-4624-2956","WOS:000460163500023",254,"J",2019,"WILEY",2019,"United States"
"256",2088,2088,2088,"Dunn, Robert P.",1,"san diego state univ","coastal & marine inst","92182","san diego","ca",NA,NA,"0000-0002-6356-4458","WOS:000460163500019",255,"J",2019,"WILEY",2019,"United States"
"257",2090,2090,2090,"Edmunds, Peter J.",1,"calif state univ northridge","dept biol","91330","northridge","ca",NA,NA,"0000-0002-9039-9347","WOS:000460163500024",256,"J",2019,"WILEY",2019,"United States"
"258",2091,2091,2091,"Guo, Yanpei",1,"peking univ","inst ecol",NA,"coll urban & environm sci","beijing",NA,NA,"0000-0001-7724-0473","WOS:000460163500020",257,"J",2019,"WILEY",2019,"China"
"259",2104,2104,2104,"Lazarina, Maria",1,"univ aegean","dept geog","81100","mitilini",NA,NA,NA,NA,"WOS:000460163500004",258,"J",2019,"WILEY",2019,"Greece"
"260",2117,2117,2117,"Lindsay, Melody R.",1,"montana state univ","dept microbiol & immunol","59717","bozeman","mt",NA,NA,NA,"WOS:000460163500007",259,"J",2019,"WILEY",2019,"United States"
"261",2125,2125,2125,"Losapio, Gianalberto",1,"univ zurich","dept evolutionary biol & environm studies","8057","zurich",NA,NA,"H-5575-2019","0000-0001-7589-8706","WOS:000460163500012",260,"J",2019,"WILEY",2019,"Switzerland"
"262",2140,2140,2140,"Marino, J. A., Jr.",1,"bradley univ","1501 west bradley ave","61625","peoria","il",NA,NA,NA,"WOS:000460163500017",261,"J",2019,"WILEY",2019,"United States"
"263",2146,2146,2146,"McFadden, Ian R.",1,"univ calif los angeles","621 charles e young dr south","90095","los angeles","ca",NA,"AAE-8485-2019","0000-0002-4508-7272","WOS:000460163500003",262,"J",2019,"WILEY",2019,"United States"
"264",2154,2154,2154,"Muth, Arley F.",1,"moss landing marine labs","8272 moss landing rd","95039","moss landing","ca",NA,NA,NA,"WOS:000460163500002",263,"J",2019,"WILEY",2019,"United States"
"265",2159,2159,2159,"Taylor, Philip G.",1,"univ colorado","inst arctic & alpine res","80309","boulder","co",NA,NA,NA,"WOS:000460163500021",264,"J",2019,"WILEY",2019,"United States"
"266",2165,2165,2165,"Tenan, Simone",1,"vertebrate zool sect","muse sci museum","38122","trento",NA,NA,"N-5246-2014","0000-0001-5055-9193","WOS:000460163500001",265,"J",2019,"WILEY",2019,"Italy"
"267",2167,2167,2167,"Turner, Monica G.",1,"univ wisconsin","dept integrat biol","53706","madison","wi",NA,NA,NA,"WOS:000460163500018",266,"J",2019,"WILEY",2019,"United States"
"268",2171,2171,780,"Wang, Shaopeng",1,"peking univ","inst ecol","10087","beijing",NA,NA,"J-7091-2012",NA,"WOS:000460163500014",267,"J",2019,"WILEY",2019,"China"
"269",2177,2177,954,"Wells, Konstans",1,"swansea univ","dept biosci","sa2 8pp","swansea","w glam",NA,"A-7232-2010","0000-0003-0377-2463","WOS:000460163500006",268,"J",2019,"WILEY",2019,"United Kingdom"
"270",2181,2181,2181,"Welti, Ellen A. R.",1,"univ oklahoma","geog ecol grp","73019","norman","ok",NA,NA,"0000-0001-6944-3422","WOS:000460163500022",269,"J",2019,"WILEY",2019,"United States"
"271",2186,2186,2186,"Zhang, Xiao-Wei",1,"northwest polytech univ","ctr ecol & environm sci","71007","xian","shaanxi",NA,"AAO-8212-2020","0000-0002-9441-2182","WOS:000460163500010",270,"J",2019,"WILEY",2019,"China"
"272",2188,2188,2188,"Dal Bello, Martina",1,"univ pisa","dept biol",NA,"via derna","pisa",NA,NA,NA,"WOS:000457618800009",271,"J",2019,"WILEY",2019,"Italy"
"273",2190,2190,2190,"Efford, M. G.",1,"univ otago","dept math & stat",NA,"pob","dunedin",NA,NA,"0000-0001-5231-5184","WOS:000457618800004",272,"J",2019,"WILEY",2019,"New Zealand"
"274",2191,2191,2191,"Felton, Andrew J.",1,"colorado state univ","grad degree program ecol","80523","ft collins","co",NA,NA,"0000-0002-1533-6071","WOS:000457618800007",273,"J",2019,"WILEY",2019,"United States"
"275",2196,2196,2196,"Jauker, Frank",1,"justus liebig univ giessen","dept anim ecol","35392","giessen",NA,NA,"I-5823-2017","0000-0003-4137-9072","WOS:000457618800019",274,"J",2019,"WILEY",2019,"Germany"
"276",2200,2200,2200,"Ling, S. D.",1,"univ tasmania","inst marine & antarctic studies",NA,"hobart","tas",NA,"J-7161-2014","0000-0002-5544-8174","WOS:000457618800016",275,"J",2019,"WILEY",2019,"Australia"
"277",2207,2207,2207,"Lu, Xiaoming",1,"chinese acad sci","inst tibetan plateau res","10010","beijing",NA,NA,NA,NA,"WOS:000457618800011",276,"J",2019,"WILEY",2019,"China"
"278",2216,2216,2216,"McMeans, Bailey C.",1,"univ toronto mississauga","dept biol","l5l 1c6","on",NA,NA,NA,NA,"WOS:000457618800002",277,"J",2019,"WILEY",2019,"Canada"
"279",2222,2222,2222,"Nelson, W. A.",1,"queens univ","kingston","k7l 3n6","on",NA,NA,NA,NA,"WOS:000457618800018",278,"J",2019,"WILEY",2019,"Canada"
"280",2225,2225,2225,"Ramiadantsoa, Tanjona",1,"univ wisconsin","dept integrat biol","53706","madison","wi",NA,NA,NA,"WOS:000457618800012",279,"J",2019,"WILEY",2019,"United States"
"281",2229,2229,2229,"Smith, Nicola S.",1,"simon fraser univ","dept biol sci","v5a 1s6","bc",NA,NA,NA,NA,"WOS:000457618800008",280,"J",2019,"WILEY",2019,"Canada"
"282",2233,2233,2233,"Taylor, Shawn D.",1,"univ florida","pob 116455","32611","gainesville","fl",NA,NA,"0000-0002-6178-6903","WOS:000457618800013",281,"J",2019,"WILEY",2019,"United States"
"283",2236,2236,2236,"Trager, Sabrina",1,"univ tartu","inst ecol & earth sci","51005","tartu",NA,NA,NA,NA,"WOS:000457618800006",282,"J",2019,"WILEY",2019,"Estonia"
"284",2240,2240,2240,"Viana, Duarte S.",1,"german ctr integrat biodivers res idiv",NA,NA,"leipzig",NA,NA,"AAA-1482-2020","0000-0002-7864-0871","WOS:000457618800015",283,"J",2019,"WILEY",2019,"Germany"
"285",2245,2245,2245,"Young, Derek J. N.",1,"univ calif davis","dept plant sci","95616","davis","ca",NA,NA,NA,"WOS:000457618800003",284,"J",2019,"WILEY",2019,"United States"
"286",2249,2249,2249,"Zelnik, Yuval R.",1,"cnrs","ctr biodivers theory & modelling","09200","moulis",NA,NA,NA,NA,"WOS:000457618800005",285,"J",2019,"WILEY",2019,"France"
"287",2250,2250,2250,"Anderson, Sean C.",1,"univ washington","box 355020","98195","seattle","wa",NA,NA,NA,"WOS:000454706400005",286,"J",2019,"WILEY",2019,"United States"
"288",2252,2252,2252,"Coloma, Sebastian",1,"univ helsinki","dept microbiol","elsin","hki",NA,NA,NA,NA,"WOS:000454706400014",287,"J",2019,"WILEY",2019,"Finland"
"289",2283,2283,2283,"Culot, Laurence",1,NA,NA,NA,NA,NA,FALSE,"H-9120-2012","0000-0002-3353-0134","WOS:000454706400007",288,"J",2019,"WILEY",2019,"Brazil"
"290",2383,2383,2383,"Daou, Laurent",1,"univ sherbrooke","lab ecol fonct","j1k 2r1","pq",NA,NA,NA,NA,"WOS:000454706400003",289,"J",2019,"WILEY",2019,"Canada"
"291",2386,2386,2386,"Durden, Jennifer M.",1,"univ southampton","natl oceanog ctr","so14 3zh","southampton","hants",NA,NA,"0000-0002-6529-9109","WOS:000454706400011",290,"J",2019,"WILEY",2019,"United Kingdom"
"292",2390,2390,2390,"Elderd, Bret D.",1,"louisiana state univ","dept biol sci","70803","baton rouge","la",NA,"C-5231-2016","0000-0001-5853-1136","WOS:000454706400016",291,"J",2019,"WILEY",2019,"United States"
"293",2393,2393,2393,"Haverkamp, Alexander",1,"max planck inst chem ecol","max planck inst chem ecol",NA,"dept evolutionary neuroethol","jena",NA,NA,NA,"WOS:000454706400012",292,"J",2019,"WILEY",2019,"Germany"
"294",2398,2398,2398,"He, Qiang",1,"fudan univ","sch life sci","20043","shanghai",NA,NA,"G-2012-2011","0000-0001-6481-0924","WOS:000454706400002",293,"J",2019,"WILEY",2019,"China"
"295",2405,2405,2405,"Jonsen, I. D.",1,"macquarie univ","dept biol sci",NA,"n ryde","nsw",NA,NA,"0000-0001-5423-6076","WOS:000454706400009",294,"J",2019,"WILEY",2019,"Australia"
"296",2414,2414,2414,"Leasure, Douglas R.",1,"univ georgia","203 dw brooks dr","30602","athens","ga",NA,NA,"0000-0002-8768-2811","WOS:000454706400004",295,"J",2019,"WILEY",2019,"United States"
"297",2421,2421,2421,"Lindestad, Olle",1,"stockholm univ",NA,NA,"dept zool","stockholm",NA,NA,NA,"WOS:000454706400021",296,"J",2019,"WILEY",2019,"Sweden"
"298",2426,2426,2426,"Michelot, Theo",1,"univ sheffield","sch math & stat",NA,"sheffield s rh","s yorkshire",NA,NA,NA,"WOS:000454706400017",297,"J",2019,"WILEY",2019,"United Kingdom"
"299",2429,2429,2429,"Peng, Shijia",1,"sun yat sen univ","sch life sci","51027","guangzhou","guangdong",NA,NA,NA,"WOS:000454706400019",298,"J",2019,"WILEY",2019,"China"
"300",2433,2433,2433,"Rana, Suresh K.",1,"wildlife inst india","wildlife inst india","24800","dehra dun","uttar pradesh",NA,NA,NA,"WOS:000454706400001",299,"J",2019,"WILEY",2019,"India"
"301",2439,2439,2439,"Resasco, Julian",1,"univ colorado","dept ecol & evolutionary biol","80309","boulder","co",NA,NA,NA,"WOS:000454706400008",300,"J",2019,"WILEY",2019,"United States"
"302",2440,2440,2440,"Shima, Jeffrey S.",1,"victoria univ wellington",NA,NA,"sch biol sci","wellington",NA,NA,"0000-0001-5770-4859","WOS:000454706400020",301,"J",2019,"WILEY",2019,"New Zealand"
"303",2446,2446,2446,"Umana, Maria N.",1,"univ michigan","dept ecol & evolutionary biol","48109","ann arbor","mi",NA,NA,"0000-0001-5876-7720","WOS:000454706400010",302,"J",2019,"WILEY",2019,"United States"
"304",2498,2498,2498,"van Kleunen, Mark",1,NA,NA,NA,NA,NA,FALSE,NA,"0000-0002-2861-3701","WOS:000454706400013",303,"J",2019,"WILEY",2019,"Germany"
