"","X1","authorID","groupID","author_name","author_order","address","university","department","postal_code","city","state","country","RP_address","RI","OI","UT","refID","PT","PY","PU","year"
"1",2,2,2,"Kaye, JP",1,"Colorado State Univ, Dept Forest Sci, Ft Collins, CO 80523 USA.","colorado state univ","dept forest sci","80523","ft collins","co","usa",NA,NA,NA,"WOS:000166134400001",1,"J",2000,"ECOLOGICAL SOC AMER",2000
"2",9,9,9,"Zobel, M",1,"Univ Tartu, Dept Bot & Ecol, EE-51005 Tartu, Estonia.","univ tartu","dept bot & ecol","51005","tartu",NA,"estonia",NA,"H-1336-2015","0000-0001-7957-6704","WOS:000166134400002",2,"J",2000,"ECOLOGICAL SOC AMER",2000
"3",10,10,10,"Amiotti, NM",1,"Univ Nacl Sur, Dept Agron, RA-8000 Bahia Blanca, Buenos Aires, Argentina.","univ nacl sur","dept agron","8000","bahia blanca","buenos aires","argentina",NA,NA,NA,"WOS:000166134400003",3,"J",2000,"WILEY",2000
"4",20,20,20,"Oborny, B",1,"Eotvos Lorand Univ, Dept Plant Taxon & Ecol, H-1083 Budapest, Hungary.","eotvos lorand univ","dept plant taxon & ecol","1083","budapest",NA,"hungary",NA,"P-5190-2019","0000-0003-2997-9921","WOS:000166134400004",4,"J",2000,"WILEY",2000
"5",22,22,22,"Kinzig, AP",1,"Princeton Univ, Dept Ecol & Evolutionary Biol, Princeton, NJ 08544 USA.","princeton univ","dept ecol & evolutionary biol","08544","princeton","nj","usa",NA,NA,NA,"WOS:000166134400005",5,"J",2000,"WILEY",2000
"6",24,24,24,"Holyoak, M",1,"Univ Kentucky, Ctr Ecol Evolut & Behav, Lexington, KY 40506 USA.","univ kentucky","ctr ecol evolut & behav","40506","lexington","ky","usa",NA,"C-3475-2009","0000-0001-9727-3627","WOS:000166134400006",6,"J",2000,"WILEY-BLACKWELL",2000
"7",27,27,27,"Ives, AR",1,"Univ Wisconsin, Dept Zool, Madison, WI 53706 USA.","univ wisconsin","dept zool","53706","madison","wi","usa",NA,"A-5698-2008","0000-0001-9375-9523","WOS:000166134400007",7,"J",2000,"ECOLOGICAL SOC AMER",2000
"8",29,29,29,"Marshall, SD",1,"Miami Univ, Dept Zool, Oxford, OH 45056 USA.","miami univ","dept zool","45056","oxford","oh","usa",NA,NA,NA,"WOS:000166134400008",8,"J",2000,"ECOLOGICAL SOC AMER",2000
"9",37,37,37,"McCauley, E",1,"Univ Calgary, Dept Biol Sci, Div Ecol, Calgary, AB T2N 1N4, Canada.","univ calgary","dept biol sci","t2n 1n4","ab",NA,"canada",NA,NA,NA,"WOS:000166134400009",9,"J",2000,"WILEY",2000
"10",45,45,45,"Nichols, JD",1,"US Geol Survey, Biol Resources Div, Patuxent Wildlife Res Ctr, Laurel, MD 20708 USA.","us geol survey","patuxent wildlife res ctr","20708","laurel","md","usa",NA,NA,NA,"WOS:000166134400010",10,"J",2000,"WILEY",2000
"11",47,47,47,"Ruesink, JL",1,"Univ Washington, Dept Zool, Seattle, WA 98195 USA.","univ washington","dept zool","98195","seattle","wa","usa",NA,NA,NA,"WOS:000166134400011",11,"J",2000,"WILEY",2000
"12",48,48,48,"Both, C",1,"Netherlands Inst Ecol, NL-6666 ZG Heteren, Netherlands.","netherlands inst ecol","netherlands inst ecol","6666","zg heteren",NA,"netherlands",NA,"E-6459-2011","0000-0001-7099-9831","WOS:000166134400012",12,"J",2000,"WILEY",2000
"13",51,51,51,"Espie, RHM",1,"Saskatchewan Environm & Resource Management, Fish & Wildlife Branch, Regina, SK S4S 5W6, Canada.","saskatchewan environm & resource management","fish & wildlife branch","s4s 5w6","sk",NA,"canada",NA,NA,NA,"WOS:000166134400013",13,"J",2000,"WILEY",2000
"14",56,56,56,"Levine, JM",1,"Univ Calif Berkeley, Dept Integrat Biol, Berkeley, CA 94720 USA.","univ calif berkeley","dept integrat biol","94720","berkeley","ca","usa",NA,"A-7167-2014","0000-0003-2857-7904","WOS:000166134400015",14,"J",2000,"WILEY",2000
"15",58,58,58,"Hall, RO",1,"Univ Georgia, Inst Ecol, Athens, GA 30602 USA.","univ georgia","inst ecol","30602","athens","ga","usa",NA,NA,NA,"WOS:000166134400016",15,"J",2000,"ECOLOGICAL SOC AMER",2000
"16",65,65,347,"Weltzin, JF",1,"Univ Tennessee, Dept Ecol & Evolutionary Biol, Knoxville, TN 37996 USA.","univ tennessee","dept ecol & evolutionary biol","37996","knoxville","tn","usa",NA,NA,NA,"WOS:000166134400017",16,"J",2000,"ECOLOGICAL SOC AMER",2000
"17",67,67,67,"Schmitt, RJ",1,"Univ Calif Santa Barbara, Dept Ecol Evolut & Marine Biol, Santa Barbara, CA 93106 USA.","univ calif santa barbara","dept ecol evolut & marine biol","93106","santa barbara","ca","usa",NA,NA,NA,"WOS:000166134400018",17,"J",2000,"WILEY-BLACKWELL",2000
"18",69,69,69,"Hentschel, BT",1,"Univ Oregon, Oregon Inst Marine Biol, Charleston, OR 97420 USA.","univ oregon","oregon inst marine biol","97420","charleston","or","usa",NA,NA,NA,"WOS:000166134400019",18,"J",2000,"ECOLOGICAL SOC AMER",2000
"19",70,70,70,"Anholt, BR",1,"Univ Toronto, Erindale Coll, Dept Biol, Toronto, ON, Canada.","univ toronto","erindale coll",NA,"toronto","on","canada",NA,NA,NA,"WOS:000166134400020",19,"J",2000,"WILEY",2000
"20",73,73,73,"Flatt, T",1,"Univ Basel, Inst Zool, CH-4051 Basel, Switzerland.","univ basel","inst zool","4051","basel",NA,"switzerland",NA,"AAE-7329-2019","0000-0002-5990-1503","WOS:000166134400021",20,"J",2000,"WILEY",2000
"21",74,74,73,"Flatt, T",1,"Univ Basel, Inst Zool, CH-4051 Basel, Switzerland.","univ basel","inst zool","4051","basel",NA,"switzerland",NA,"A-7384-2009","0000-0002-5990-1503","WOS:000166134400021",20,"J",2000,"WILEY",2000
"22",76,76,76,"Bakker, VJ",1,"Univ Calif Davis, Dept Wildlife Fish & Conservat Biol, Davis, CA 95616 USA.","univ calif davis","dept wildlife fish & conservat biol","95616","davis","ca","usa",NA,NA,NA,"WOS:000166134400022",21,"J",2000,"WILEY-BLACKWELL",2000
"23",80,80,80,"Pusenius, J",1,"Inst Ecosyst Studies, Millbrook, NY 12545 USA.","inst ecosyst studies",NA,"12545","millbrook","ny","usa",NA,NA,NA,"WOS:000165384000001",22,"J",2000,"ECOLOGICAL SOC AMER",2000
"24",81,81,81,"Angilletta, MJ",1,"Univ Penn, Dept Biol, Philadelphia, PA 19104 USA.","univ penn","dept biol","19104","philadelphia","pa","usa",NA,NA,NA,"WOS:000165384000002",23,"J",2000,"ECOLOGICAL SOC AMER",2000
"25",85,85,85,"Jayne, BC",1,"Univ Cincinnati, Dept Biol Sci, Cincinnati, OH 45221 USA.","univ cincinnati","dept biol sci","45221","cincinnati","oh","usa",NA,NA,NA,"WOS:000165384000003",24,"J",2000,"WILEY",2000
"26",86,86,86,"Kearney, M",1,"Monash Univ, Dept Biol Sci, Clayton, Vic 3168, Australia.","monash univ","dept biol sci",NA,"clayton","vic","australia",NA,"R-3404-2017","0000-0002-3349-8744","WOS:000165384000004",25,"J",2000,"ECOLOGICAL SOC AMER",2000
"27",88,88,88,"Leips, J",1,"Florida State Univ, Dept Biol Sci, Tallahassee, FL 32306 USA.","florida state univ","dept biol sci","32306","tallahassee","fl","usa",NA,NA,NA,"WOS:000165384000005",26,"J",2000,"ECOLOGICAL SOC AMER",2000
"28",92,92,169,"Van Buskirk, J",1,"Univ Zurich, Inst Zool, CH-8057 Zurich, Switzerland.","univ zurich","inst zool","8057","zurich",NA,"switzerland",NA,NA,NA,"WOS:000165384000006",27,"J",2000,"WILEY",2000
"29",93,93,93,"Fox, CW",1,"Univ Kentucky, Dept Entomol, Agr Sci Ctr N S225, Lexington, KY 40546 USA.","univ kentucky","agr sci ctr n s225","40546","lexington","ky","usa",NA,"I-5274-2012","0000-0002-7545-7967","WOS:000165384000007",28,"J",2000,"WILEY",2000
"30",94,94,94,"Herrera, CM",1,"CSIC, Estac Biol Donana, E-41080 Seville, Spain.","csic","estac biol donana","41080","seville",NA,"spain",NA,"A-4088-2008","0000-0003-2452-3888","WOS:000165384000008",29,"J",2000,"WILEY",2000
"31",95,95,94,"Herrera, CM",1,"CSIC, Estac Biol Donana, E-41080 Seville, Spain.","csic","estac biol donana","41080","seville",NA,"spain",NA,"A-4088-2008","0000-0003-2452-3888","WOS:000165384000008",29,"J",2000,"WILEY",2000
"32",96,96,94,"Herrera, CM",1,"CSIC, Estac Biol Donana, E-41080 Seville, Spain.","csic","estac biol donana","41080","seville",NA,"spain",NA,"AAS-3831-2020","0000-0003-2452-3888","WOS:000165384000008",29,"J",2000,"WILEY",2000
"33",97,97,94,"Herrera, CM",1,"CSIC, Estac Biol Donana, E-41080 Seville, Spain.","csic","estac biol donana","41080","seville",NA,"spain",NA,"AAS-3831-2020","0000-0003-2452-3888","WOS:000165384000008",29,"J",2000,"WILEY",2000
"34",98,98,98,"Duncan, RP",1,"Lincoln Univ, Soil Plant & Ecol Sci Div, Ecol & Entomol Grp, Canterbury, New Zealand.","lincoln univ","soil plant & ecol sci div",NA,"ecol & entomol grp","canterbury","new zealand",NA,"E-7899-2013","0000-0003-2295-449X","WOS:000165384000009",30,"J",2000,"ECOLOGICAL SOC AMER",2000
"35",103,103,104,"Shurin, JB",1,"Univ Chicago, Dept Ecol & Evolut, Chicago, IL 60637 USA.","univ chicago","dept ecol & evolut","60637","chicago","il","usa",NA,NA,NA,"WOS:000165384000010",31,"J",2000,"WILEY",2000
"36",104,104,104,"Shurin, JB",1,"Univ Chicago, Dept Ecol & Evolut, Chicago, IL 60637 USA.","univ chicago","dept ecol & evolut","60637","chicago","il","usa",NA,NA,NA,"WOS:000165384000011",32,"J",2000,"ECOLOGICAL SOC AMER",2000
"37",105,105,105,"Amezcua, AB",1,"Univ Calif Davis, Davis, CA 95616 USA.","univ calif davis",NA,"95616","davis","ca","usa",NA,NA,NA,"WOS:000165384000012",33,"J",2000,"WILEY",2000
"38",108,108,108,"Turchin, P",1,"Univ Connecticut, Dept Ecol & Evolutionary Biol, Storrs, CT 06269 USA.","univ connecticut","dept ecol & evolutionary biol","06269","storrs","ct","usa",NA,NA,NA,"WOS:000165384000013",34,"J",2000,"ECOLOGICAL SOC AMER",2000
"39",109,109,109,"Baker, MA",1,"Univ New Mexico, Dept Biol, Albuquerque, NM 87131 USA.","univ new mexico","dept biol","87131","albuquerque","nm","usa",NA,"F-3434-2010","0000-0002-7188-8639","WOS:000165384000015",35,"J",2000,"ECOLOGICAL SOC AMER",2000
"40",114,114,114,"Serrano, L",1,"Univ Autonoma Barcelona, Fac Ciencies, Ctr Recerca Ecol & Aplicac Forestals, E-08193 Barcelona, Spain.","univ autonoma barcelona","fac ciencies","08193","barcelona",NA,"spain",NA,"K-6731-2013","0000-0003-3776-3370","WOS:000165384000016",36,"J",2000,"ECOLOGICAL SOC AMER",2000
"41",119,119,119,"van Rensburg, BJ",1,"Univ Pretoria, Dept Zool & Entomol, ZA-0002 Pretoria, South Africa.","univ pretoria","dept zool & entomol","0002","pretoria",NA,"south africa",NA,"A-4154-2009","0000-0002-5274-5536","WOS:000165384000017",37,"J",2000,"ECOLOGICAL SOC AMER",2000
"42",120,120,120,"De'ath, G",1,"James Cook Univ N Queensland, Trop Environm Studies & Geog, Townsville, Qld 4811, Australia.","james cook univ n queensland","trop environm studies & geog",NA,"townsville","qld","australia",NA,NA,NA,"WOS:000165384000018",38,"J",2000,"ECOLOGICAL SOC AMER",2000
"43",123,123,382,"Raimondi, PT",1,"Univ Calif Santa Cruz, Dept Biol, Santa Cruz, CA 95064 USA.","univ calif santa cruz","dept biol","95064","santa cruz","ca","usa",NA,NA,NA,"WOS:000165384000019",39,"J",2000,"ECOLOGICAL SOC AMER",2000
"44",124,124,124,"Pavia, H",1,"Gothenburg Univ, Dept Marine Bot, SE-40530 Gothenburg, Sweden.","gothenburg univ","dept marine bot","40530","gothenburg",NA,"sweden",NA,"G-2764-2013",NA,"WOS:000165384000020",40,"J",2000,"ECOLOGICAL SOC AMER",2000
"45",126,126,126,"Adler, FR",1,"Univ Utah, Dept Math, Salt Lake City, UT 84112 USA.","univ utah","dept math","84112","salt lake city","ut","usa",NA,NA,NA,"WOS:000165384000021",41,"J",2000,"ECOLOGICAL SOC AMER",2000
"46",129,129,240,"Smith, W",1,"Woods Hole Oceanog Inst, Woods Hole, MA 02543 USA.","woods hole oceanog inst",NA,"02543","woods hole","ma","usa",NA,NA,NA,"WOS:000165384000022",42,"J",2000,"ECOLOGICAL SOC AMER",2000
"47",132,132,132,"Ogle, K",1,"No Arizona Univ, Dept Biol Sci, Flagstaff, AZ 86011 USA.","no arizona univ","dept biol sci","86011","flagstaff","az","usa",NA,NA,NA,"WOS:000165384000023",43,"J",2000,"WILEY",2000
"48",134,134,134,"Cresswell, JE",1,"Univ Exeter, Sch Biol Sci, Hatherly Labs, Exeter EX4 4PS, Devon, England.","univ exeter","sch biol sci","ex4 4ps","exeter","devon","england",NA,NA,NA,"WOS:000165384000024",44,"J",2000,"ECOLOGICAL SOC AMER",2000
"49",138,138,138,"Jansson, M",1,"Umea Univ, Dept Ecol & Environm Sci, SE-90187 Umea, Sweden.","umea univ","dept ecol & environm sci","90187","umea",NA,"sweden",NA,NA,NA,"WOS:000165384000025",45,"J",2000,"ECOLOGICAL SOC AMER",2000
"50",140,140,140,"Maloof, JE",1,"Salisbury State Univ, Dept Biol Sci, Salisbury, MD 21801 USA.","salisbury state univ","dept biol sci","21801","salisbury","md","usa",NA,NA,NA,"WOS:000089970400001",46,"J",2000,"WILEY",2000
"51",147,147,706,"Tilman, D",1,"Univ Minnesota, Dept Ecol Evolut & Behav, St Paul, MN 55108 USA.","univ minnesota","dept ecol evolut & behav","55108","st paul","mn","usa",NA,NA,NA,"WOS:000089970400003",47,"J",2000,"ECOLOGICAL SOC AMER",2000
"52",150,150,150,"Hook, PB",1,"Montana State Univ, Dept Land Resource & Environm Sci, Bozeman, MT 59717 USA.","montana state univ","dept land resource & environm sci","59717","bozeman","mt","usa",NA,NA,NA,"WOS:000089970400004",48,"J",2000,"ECOLOGICAL SOC AMER",2000
"53",152,152,152,"Thomas, FIM",1,"Univ S Florida, Dept Biol, Tampa, FL 33620 USA.","univ s florida","dept biol","33620","tampa","fl","usa",NA,NA,"0000-0003-4347-6474","WOS:000089970400005",49,"J",2000,"ECOLOGICAL SOC AMER",2000
"54",154,154,154,"Benke, AC",1,"Univ Alabama, Dept Biol Sci, Tuscaloosa, AL 35487 USA.","univ alabama","dept biol sci","35487","tuscaloosa","al","usa",NA,NA,NA,"WOS:000089970400007",50,"J",2000,"ECOLOGICAL SOC AMER",2000
"55",158,158,158,"Lawrence, RL",1,"Montana State Univ, Mt Res Ctr, Dept Land Resources & Environm Sci, Bozeman, MT 59717 USA.","montana state univ","dept land resources & environm sci","59717","bozeman","mt","usa",NA,NA,NA,"WOS:000089970400008",51,"J",2000,"ECOLOGICAL SOC AMER",2000
"56",161,161,161,"Williams, DW",1,"USDA Forest Serv, NE Res Stn, Newtown Sq, PA 19073 USA.","usda forest serv","ne res stn","19073","newtown sq","pa","usa",NA,NA,NA,"WOS:000089970400009",52,"J",2000,"WILEY-BLACKWELL",2000
"57",163,163,163,"Pascual, M",1,"Univ Maryland, Ctr Marine Biotechnol, Inst Biotechnol, Baltimore, MD 21202 USA.","univ maryland","inst biotechnol","21202","baltimore","md","usa",NA,NA,NA,"WOS:000089970400010",53,"J",2000,"WILEY",2000
"58",165,165,165,"Grover, JP",1,"Univ Texas, Dept Biol, Arlington, TX 76019 USA.","univ texas","dept biol","76019","arlington","tx","usa",NA,NA,NA,"WOS:000089970400011",54,"J",2000,"ECOLOGICAL SOC AMER",2000
"59",169,169,169,"Van Buskirk, J",1,"Univ Zurich, Inst Zool, CH-8057 Zurich, Switzerland.","univ zurich","inst zool","8057","zurich",NA,"switzerland",NA,NA,NA,"WOS:000089970400013",55,"J",2000,"ECOLOGICAL SOC AMER",2000
"60",171,171,171,"O'Brien, DM",1,"Princeton Univ, Dept Ecol & Evolutionary Biol, Princeton, NJ 08544 USA.","princeton univ","dept ecol & evolutionary biol","08544","princeton","nj","usa",NA,"B-2919-2010","0000-0001-5807-9661","WOS:000089970400014",56,"J",2000,"ECOLOGICAL SOC AMER",2000
"61",173,173,173,"Kerdelhue, C",1,"CNRS, Inst Natl Rech Agron, Lab Populat Genet & Evolut, F-91198 Gif Sur Yvette, France.","cnrs","inst natl rech agron","91198","gif sur yvette",NA,"france",NA,NA,"0000-0001-7667-902X","WOS:000089970400015",57,"J",2000,"ECOLOGICAL SOC AMER",2000
"62",177,177,177,"Patel, A",1,"Univ Miami, Dept Biol, Coral Gables, FL 33124 USA.","univ miami","dept biol","33124","coral gables","fl","usa",NA,NA,NA,"WOS:000089970400016",58,"J",2000,"ECOLOGICAL SOC AMER",2000
"63",179,179,179,"Humphries, MM",1,"Univ Alberta, Dept Biol Sci, Edmonton, AB T6G 2E9, Canada.","univ alberta","dept biol sci","t6g 2e9","ab",NA,"canada",NA,NA,NA,"WOS:000089970400017",59,"J",2000,"WILEY",2000
"64",181,181,181,"Stokes, DL",1,"Univ Washington, Dept Zool, Seattle, WA 98195 USA.","univ washington","dept zool","98195","seattle","wa","usa",NA,NA,NA,"WOS:000089970400018",60,"J",2000,"WILEY",2000
"65",182,182,182,"Misenhelter, MD",1,"Univ Calif Riverside, Dept Biol, Riverside, CA 92521 USA.","univ calif riverside","dept biol","92521","riverside","ca","usa",NA,NA,NA,"WOS:000089970400019",61,"J",2000,"WILEY",2000
"66",184,184,184,"Abrams, PA",1,"Univ Toronto, Dept Zool, Toronto, ON M5S 3G5, Canada.","univ toronto","dept zool","m5s 3g5","on",NA,"canada",NA,"A-5240-2008","0000-0002-1828-326X","WOS:000089970400020",62,"J",2000,"ECOLOGICAL SOC AMER",2000
"67",185,185,184,"Abrams, PA",1,"Univ Toronto, Dept Zool, Toronto, ON M5S 3G5, Canada.","univ toronto","dept zool","m5s 3g5","on",NA,"canada",NA,"A-7205-2009","0000-0002-1828-326X","WOS:000089970400020",62,"J",2000,"ECOLOGICAL SOC AMER",2000
"68",187,187,187,"Doledec, S",1,"Univ Lyon 1, CNRS, UMR 5023, Lab Ecol Hydrosyst Fluviaux, F-69622 Villeurbanne, France.","univ lyon 1","cnrs","69622","villeurbanne",NA,"france",NA,NA,"0000-0002-0280-7866","WOS:000089970400021",63,"J",2000,"WILEY-BLACKWELL",2000
"69",189,189,189,"Jorgensen, J",1,"Oregon State Univ, Dept Publ Hlth, Corvallis, OR 97331 USA.","oregon state univ","dept publ hlth","97331","corvallis","or","usa",NA,NA,NA,"WOS:000089970400022",64,"J",2000,"ECOLOGICAL SOC AMER",2000
"70",194,194,194,"Ziv, Y",1,"Univ Arizona, Dept Ecol & Evolutionary Biol, Tucson, AZ 85721 USA.","univ arizona","dept ecol & evolutionary biol","85721","tucson","az","usa",NA,NA,"0000-0002-6369-9803","WOS:000089970400023",65,"J",2000,"WILEY",2000
"71",195,195,195,"Kiesecker, JM",1,"Penn State Univ, Dept Biol, Mueller Lab 208, University Pk, PA 16802 USA.","penn state univ","mueller lab 208","16802","university pk","pa","usa",NA,NA,NA,"WOS:000089970400024",66,"J",2000,"WILEY",2000
"72",197,197,197,"Carreiro, MM",1,"Fordham Univ, Louis Calder Ctr, Armonk, NY 10504 USA.","fordham univ","louis calder ctr","10504","armonk","ny","usa",NA,NA,NA,"WOS:000089093500001",67,"J",2000,"ECOLOGICAL SOC AMER",2000
"73",202,202,340,"Vitousek, PM",1,"Stanford Univ, Dept Biol Sci, Stanford, CA 94305 USA.","stanford univ","dept biol sci","94305","stanford","ca","usa",NA,NA,NA,"WOS:000089093500002",68,"J",2000,"ECOLOGICAL SOC AMER",2000
"74",203,203,203,"Burkins, MB",1,"Dartmouth Coll, Dept Earth Sci, Earth Ecosyst & Ecol Sci Program, Hanover, NH 03755 USA.","dartmouth coll","earth ecosyst & ecol sci program","03755","hanover","nh","usa",NA,NA,NA,"WOS:000089093500003",69,"J",2000,"ECOLOGICAL SOC AMER",2000
"75",211,211,211,"Smith, EB",1,"Penn State Univ, Dept Biol, University Pk, PA 16802 USA.","penn state univ","dept biol","16802","university pk","pa","usa",NA,NA,NA,"WOS:000089093500004",70,"J",2000,"ECOLOGICAL SOC AMER",2000
"76",212,212,212,"Edwards, MS",1,"Moss Landing Marine Labs, Moss Landing, CA 95039 USA.","moss landing marine labs",NA,"95039","moss landing","ca","usa",NA,NA,NA,"WOS:000089093500005",71,"J",2000,"WILEY",2000
"77",213,213,213,"Forrester, GE",1,"Univ Calif Los Angeles, Dept Organism Biol Ecol & Evolut, Los Angeles, CA 90095 USA.","univ calif los angeles","dept organism biol ecol & evolut","90095","los angeles","ca","usa",NA,NA,"0000-0001-5253-773X","WOS:000089093500006",72,"J",2000,"WILEY",2000
"78",218,218,218,"Salamolard, M",1,"CNRS, CEBC, F-79360 Beauvoir Sur Niort, France.","cnrs","cebc","79360","beauvoir sur niort",NA,"france",NA,NA,NA,"WOS:000089093500007",73,"J",2000,"WILEY",2000
"79",220,220,220,"Grant, PR",1,"Princeton Univ, Dept Ecol & Evolutionary Biol, Princeton, NJ 08544 USA.","princeton univ","dept ecol & evolutionary biol","08544","princeton","nj","usa",NA,NA,NA,"WOS:000089093500008",74,"J",2000,"ECOLOGICAL SOC AMER",2000
"80",223,223,223,"Daniels, SJ",1,"Virginia Polytech Inst & State Univ, Dept Biol, Blacksburg, VA 24061 USA.","virginia polytech inst & state univ","dept biol","24061","blacksburg","va","usa",NA,NA,NA,"WOS:000089093500010",75,"J",2000,"WILEY",2000
"81",225,225,225,"Chase, JM",1,"Univ Chicago, Dept Ecol & Evolut, Chicago, IL 60637 USA.","univ chicago","dept ecol & evolut","60637","chicago","il","usa",NA,NA,NA,"WOS:000089093500011",76,"J",2000,"WILEY",2000
"82",231,231,231,"Pope, SE",1,"Carleton Univ, Ottawa Carleton Inst Biol, Ottawa, ON K1S 5B6, Canada.","carleton univ","ottawa carleton inst biol","k1s 5b6","on",NA,"canada",NA,NA,NA,"WOS:000089093500012",77,"J",2000,"ECOLOGICAL SOC AMER",2000
"83",232,232,232,"Lewis, SL",1,"Univ Cambridge, Dept Plant Sci, Cambridge CB2 3EA, England.","univ cambridge","dept plant sci","cb2 3ea","cambridge",NA,"england",NA,NA,"0000-0002-8066-6851","WOS:000089093500014",78,"J",2000,"WILEY",2000
"84",236,236,236,"Sinton, DS",1,"Oregon State Univ, Dept Geosci, Corvallis, OR 97331 USA.","oregon state univ","dept geosci","97331","corvallis","or","usa",NA,NA,"0000-0001-5828-9001","WOS:000089093500015",79,"J",2000,"WILEY-BLACKWELL",2000
"85",239,239,239,"Pataki, DE",1,"Duke Univ, Nicholas Sch Environm, Durham, NC 27708 USA.","duke univ","nicholas sch environm","27708","durham","nc","usa",NA,"F-9732-2011",NA,"WOS:000089093500016",80,"J",2000,"ECOLOGICAL SOC AMER",2000
"86",241,241,241,"Arntz, AM",1,"Univ Illinois, Dept Plant Biol, Urbana, IL 61801 USA.","univ illinois","dept plant biol","61801","urbana","il","usa",NA,NA,NA,"WOS:000089093500017",81,"J",2000,"ECOLOGICAL SOC AMER",2000
"87",244,244,244,"Ashman, TL",1,"Univ Pittsburgh, Dept Biol Sci, Pittsburgh, PA 15260 USA.","univ pittsburgh","dept biol sci","15260","pittsburgh","pa","usa",NA,NA,NA,"WOS:000089093500018",82,"J",2000,"ECOLOGICAL SOC AMER",2000
"88",245,245,245,"Crowley, PH",1,"Univ Kentucky, Ctr Ecol Evolut & Behav, Lexington, KY 40506 USA.","univ kentucky","ctr ecol evolut & behav","40506","lexington","ky","usa",NA,NA,NA,"WOS:000089093500019",83,"J",2000,"WILEY",2000
"89",246,246,246,"Gotelli, NJ",1,"Univ Vermont, Dept Biol, Burlington, VT 05405 USA.","univ vermont","dept biol","05405","burlington","vt","usa",NA,NA,NA,"WOS:000089093500020",84,"J",2000,"WILEY",2000
"90",250,250,259,"Schmidt, KA",1,"Inst Ecosyst Studies, Millbrook, NY 12545 USA.","inst ecosyst studies",NA,"12545","millbrook","ny","usa",NA,NA,NA,"WOS:000089093500021",85,"J",2000,"WILEY",2000
"91",251,251,251,"Haydon, DT",1,"Univ British Columbia, Dept Zool, Vancouver, BC V6T 1Z4, Canada.","univ british columbia","dept zool","v6t 1z4","bc",NA,"canada",NA,NA,NA,"WOS:000089093500022",86,"J",2000,"ECOLOGICAL SOC AMER",2000
"92",253,253,253,"Irwin, RE",1,"Univ Vermont, Dept Biol, Burlington, VT 05405 USA.","univ vermont","dept biol","05405","burlington","vt","usa",NA,NA,NA,"WOS:000089093500023",87,"J",2000,"ECOLOGICAL SOC AMER",2000
"93",255,255,255,"Morris, DW",1,"Lakehead Univ, Dept Biol, Thunder Bay, ON P7B 5E1, Canada.","lakehead univ","dept biol","p7b 5e1","on",NA,"canada",NA,NA,"0000-0003-4515-9261","WOS:000088888900001",88,"J",2000,"ECOLOGICAL SOC AMER",2000
"94",258,258,258,"Mangione, AM",1,"Univ Wisconsin, Dept Wildlife Ecol, Madison, WI 53706 USA.","univ wisconsin","dept wildlife ecol","53706","madison","wi","usa",NA,NA,NA,"WOS:000088888900002",89,"J",2000,"ECOLOGICAL SOC AMER",2000
"95",259,259,259,"Schmidt, KA",1,"Inst Ecosyst Studies, Millbrook, NY 12545 USA.","inst ecosyst studies",NA,"12545","millbrook","ny","usa",NA,NA,NA,"WOS:000088888900003",90,"J",2000,"WILEY",2000
"96",263,263,407,"Simberloff, D",1,"Univ Tennessee, Dept Ecol & Evolutionary Biol, Knoxville, TN 37996 USA.","univ tennessee","dept ecol & evolutionary biol","37996","knoxville","tn","usa",NA,NA,NA,"WOS:000088888900004",91,"J",2000,"ECOLOGICAL SOC AMER",2000
"97",266,266,266,"Sinclair, ARE",1,"Univ British Columbia, Ctr Biodivers Res, Vancouver, BC V6T 1Z4, Canada.","univ british columbia","ctr biodivers res","v6t 1z4","bc",NA,"canada",NA,NA,NA,"WOS:000088888900005",92,"J",2000,"ECOLOGICAL SOC AMER",2000
"98",269,269,269,"Paradis, E",1,"British Trust Ornithol, Thetford IP24 2PU, Norfolk, England.","british trust ornithol",NA,"ip24 2pu","thetford","norfolk","england",NA,NA,NA,"WOS:000088888900006",93,"J",2000,"ECOLOGICAL SOC AMER",2000
"99",273,273,514,"Watson, A",1,"Inst Terr Ecol, Banchory AB31 4BY, Kincardine, Scotland.","inst terr ecol","inst terr ecol","ab31 4by","banchory","kincardine","scotland",NA,NA,NA,"WOS:000088888900007",94,"J",2000,"ECOLOGICAL SOC AMER",2000
"100",275,275,275,"Law, R",1,"Univ York, Dept Biol, York YO10 5YW, N Yorkshire, England.","univ york","dept biol","yo10 5yw","york","n yorkshire","england",NA,NA,NA,"WOS:000088888900008",95,"J",2000,"ECOLOGICAL SOC AMER",2000
"101",277,277,277,"Guo, QF",1,"Univ New Mexico, Dept Biol, Albuquerque, NM 87131 USA.","univ new mexico","dept biol","87131","albuquerque","nm","usa",NA,NA,NA,"WOS:000088888900009",96,"J",2000,"ECOLOGICAL SOC AMER",2000
"102",280,280,280,"Nathan, R",1,"Hebrew Univ Jerusalem, Alexander Silberman Inst Life Sci, Dept Evolut Systemat & Ecol, IL-91904 Jerusalem, Israel.","hebrew univ jerusalem","alexander silberman inst life sci","91904","jerusalem",NA,"israel",NA,"A-9380-2008",NA,"WOS:000088888900010",97,"J",2000,"ECOLOGICAL SOC AMER",2000
"103",284,284,94,"Herrera, CM",1,"CSIC, Estac Biol Donana, E-41080 Seville, Spain.","csic","estac biol donana","41080","seville",NA,"spain",NA,"A-4088-2008","0000-0003-2452-3888","WOS:000088888900011",98,"J",2000,"ECOLOGICAL SOC AMER",2000
"104",285,285,94,"Herrera, CM",1,"CSIC, Estac Biol Donana, E-41080 Seville, Spain.","csic","estac biol donana","41080","seville",NA,"spain",NA,"A-4088-2008","0000-0003-2452-3888","WOS:000088888900011",98,"J",2000,"ECOLOGICAL SOC AMER",2000
"105",286,286,94,"Herrera, CM",1,"CSIC, Estac Biol Donana, E-41080 Seville, Spain.","csic","estac biol donana","41080","seville",NA,"spain",NA,"AAS-3831-2020","0000-0003-2452-3888","WOS:000088888900011",98,"J",2000,"ECOLOGICAL SOC AMER",2000
"106",287,287,94,"Herrera, CM",1,"CSIC, Estac Biol Donana, E-41080 Seville, Spain.","csic","estac biol donana","41080","seville",NA,"spain",NA,"AAS-3831-2020","0000-0003-2452-3888","WOS:000088888900011",98,"J",2000,"ECOLOGICAL SOC AMER",2000
"107",289,289,289,"Kuussaari, M",1,"Univ Helsinki, Dept Systemat & Ecol, Div Populat Biol, FIN-00014 Helsinki, Finland.","univ helsinki","dept systemat & ecol","00014","f hki",NA,"finland",NA,"Y-4070-2019","0000-0003-0264-9316","WOS:000088888900012",99,"J",2000,"ECOLOGICAL SOC AMER",2000
"108",292,292,292,"Kean, JM",1,"AgResearch, Canterbury Agr & Sci Ctr, Lincoln, New Zealand.","agresearch",NA,NA,"canterbury agr & sci ctr","lincoln","new zealand",NA,"Z-1983-2019","0000-0002-4012-1048","WOS:000088888900013",100,"J",2000,"WILEY-BLACKWELL",2000
"109",293,293,293,"Ayres, MP",1,"Dartmouth Coll, Dept Biol Sci, Hanover, NH 03755 USA.","dartmouth coll","dept biol sci","03755","hanover","nh","usa",NA,"AAI-6873-2020","0000-0001-6120-9068","WOS:000088888900014",101,"J",2000,"WILEY",2000
"110",298,298,298,"Dahlgren, CP",1,"N Carolina State Univ, Dept Marine Earth & Atmospher Sci, Raleigh, NC 27695 USA.","n carolina state univ","dept marine earth & atmospher sci","27695","raleigh","nc","usa",NA,NA,NA,"WOS:000088888900016",102,"J",2000,"WILEY",2000
"111",302,302,302,"Hughes, TP",1,"James Cook Univ N Queensland, Dept Marine Biol, Townsville, Qld 4811, Australia.","james cook univ n queensland","dept marine biol",NA,"townsville","qld","australia",NA,"L-4721-2013","0000-0002-5257-5063","WOS:000088888900017",103,"J",2000,"WILEY",2000
"112",308,308,302,"Hughes, TP",1,"James Cook Univ N Queensland, Dept Marine Biol, Townsville, Qld 4811, Australia.","james cook univ n queensland","dept marine biol",NA,"townsville","qld","australia",NA,"L-4721-2013","0000-0002-5257-5063","WOS:000088888900018",104,"J",2000,"ECOLOGICAL SOC AMER",2000
"113",312,312,312,"Navarrete, SA",1,"Pontificia Univ Catolica Chile, Dept Ecol, Santiago, Chile.","pontificia univ catolica chile",NA,NA,"dept ecol","santiago","chile",NA,"D-4645-2013",NA,"WOS:000088888900019",105,"J",2000,"WILEY",2000
"114",313,313,313,"Relyea, RA",1,"Univ Michigan, Dept Biol, Ann Arbor, MI 48109 USA.","univ michigan","dept biol","48109","ann arbor","mi","usa",NA,NA,NA,"WOS:000088888900020",106,"J",2000,"ECOLOGICAL SOC AMER",2000
"115",315,315,315,"Bouchard, SS",1,"Univ Florida, Dept Zool, Archie Carr Ctr Sea Turtle Res, Gainesville, FL 32611 USA.","univ florida","archie carr ctr sea turtle res","32611","gainesville","fl","usa",NA,NA,NA,"WOS:000088888900022",107,"J",2000,"ECOLOGICAL SOC AMER",2000
"116",317,317,317,"Compton, JE",1,"Harvard Univ, Petersham, MA 01366 USA.","harvard univ",NA,"01366","petersham","ma","usa",NA,"Q-7194-2019","0000-0001-9833-8664","WOS:000088888900023",108,"J",2000,"ECOLOGICAL SOC AMER",2000
"117",319,319,319,"Ohnmeiss, TE",1,"SUNY Buffalo, Dept Biol Sci, Buffalo, NY 14260 USA.","suny buffalo","dept biol sci","14260","buffalo","ny","usa",NA,NA,NA,"WOS:000088214400001",109,"J",2000,"ECOLOGICAL SOC AMER",2000
"118",322,322,322,"Hamback, PA",1,"Umea Univ, Dept Ecol & Environm Sci, SE-90187 Umea, Sweden.","umea univ","dept ecol & environm sci","90187","umea",NA,"sweden",NA,"A-8194-2008","0000-0001-6362-6199","WOS:000088214400002",110,"J",2000,"ECOLOGICAL SOC AMER",2000
"119",323,323,323,"White, JA",1,"No Arizona Univ, Dept Biol Sci, Flagstaff, AZ 86011 USA.","no arizona univ","dept biol sci","86011","flagstaff","az","usa",NA,NA,NA,"WOS:000088214400003",111,"J",2000,"ECOLOGICAL SOC AMER",2000
"120",325,325,325,"Agrawal, AA",1,"Univ Toronto, Dept Bot, Toronto, ON M5S 3B2, Canada.","univ toronto","dept bot","m5s 3b2","on",NA,"canada",NA,"Y-2497-2019","0000-0003-0095-1220","WOS:000088214400004",112,"J",2000,"WILEY",2000
"121",327,327,501,"Denno, RF",1,"Univ Maryland, Dept Entomol, College Pk, MD 20742 USA.","univ maryland","dept entomol","20742","college pk","md","usa",NA,NA,NA,"WOS:000088214400005",113,"J",2000,"WILEY",2000
"122",333,333,334,"Doak, P",1,"Cornell Univ, Ecol & Systemat Sect, Ithaca, NY 14853 USA.","cornell univ","ecol & systemat sect","14853","ithaca","ny","usa",NA,NA,NA,"WOS:000088214400006",114,"J",2000,"ECOLOGICAL SOC AMER",2000
"123",334,334,334,"Doak, P",1,"Cornell Univ, Ecol & Systemat Sect, Ithaca, NY 14853 USA.","cornell univ","ecol & systemat sect","14853","ithaca","ny","usa",NA,NA,NA,"WOS:000088214400007",115,"J",2000,"ECOLOGICAL SOC AMER",2000
"124",338,338,338,"Zogg, GP",1,"Univ Michigan, Sch Nat Resources & Environm, Ann Arbor, MI 48109 USA.","univ michigan","sch nat resources & environm","48109","ann arbor","mi","usa",NA,NA,NA,"WOS:000088214400008",116,"J",2000,"ECOLOGICAL SOC AMER",2000
"125",339,339,201,"Hobbie, S",1,"Stanford Univ, Dept Biol Sci, Stanford, CA 94305 USA.","stanford univ","dept biol sci","94305","stanford","ca","usa",NA,NA,"0000-0001-5159-031X","WOS:000088214400009",117,"J",2000,"ECOLOGICAL SOC AMER",2000
"126",342,342,342,"Prescott, CE",1,"Univ British Columbia, Dept Forest Sci, Vancouver, BC V6T 1Z4, Canada.","univ british columbia","dept forest sci","v6t 1z4","bc",NA,"canada",NA,NA,NA,"WOS:000088214400010",118,"J",2000,"WILEY",2000
"127",345,345,345,"Walters, MB",1,"Michigan State Univ, Dept Forestry, E Lansing, MI 48824 USA.","michigan state univ","dept forestry","48824","e lansing","mi","usa",NA,NA,NA,"WOS:000088214400011",119,"J",2000,"WILEY",2000
"128",347,347,347,"Weltzin, JF",1,"Univ Arizona, Sch Renewable Nat Resources, Tucson, AZ 85721 USA.","univ arizona","sch renewable nat resources","85721","tucson","az","usa",NA,NA,NA,"WOS:000088214400012",120,"J",2000,"WILEY",2000
"129",348,348,348,"Kitzberger, T",1,"Univ Nacl Comahue, Dept Ecol, RA-8400 Bariloche, Rio Negro, Argentina.","univ nacl comahue","dept ecol","8400","bariloche","rio negro","argentina",NA,"H-9209-2015","0000-0002-9754-4121","WOS:000088214400013",121,"J",2000,"ECOLOGICAL SOC AMER",2000
"130",355,355,355,"Valladares, F",1,"CSIC, Ctr Ciencias Medioambientales, E-28006 Madrid, Spain.","csic","ctr ciencias medioambientales","28006","madrid",NA,"spain",NA,"K-9406-2014","0000-0002-5374-4682","WOS:000088214400014",122,"J",2000,"WILEY",2000
"131",357,357,357,"Alcantara, JM",1,"Uppsala Univ, Evolut Biol Ctr, Dept Plant Ecol, SE-75236 Uppsala, Sweden.","uppsala univ","evolut biol ctr","75236","uppsala",NA,"sweden",NA,"O-4400-2017","0000-0002-8003-7844","WOS:000088214400015",123,"J",2000,"ECOLOGICAL SOC AMER",2000
"132",364,364,364,"Rathcke, BJ",1,"Univ Michigan, Dept Biol, Ann Arbor, MI 48109 USA.","univ michigan","dept biol","48109","ann arbor","mi","usa",NA,NA,NA,"WOS:000088214400016",124,"J",2000,"ECOLOGICAL SOC AMER",2000
"133",365,365,365,"Apanius, V",1,"Univ Penn, Dept Biol, Leidy Labs, Philadelphia, PA 19104 USA.","univ penn","leidy labs","19104","philadelphia","pa","usa",NA,NA,NA,"WOS:000088214400017",125,"J",2000,"ECOLOGICAL SOC AMER",2000
"134",371,371,371,"Fewster, RM",1,"Univ St Andrews, Dept Math & Computat Sci, Math Inst, St Andrews KY16 9SS, Fife, Scotland.","univ st andrews","dept math & computat sci","ky16 9ss","st andrews","fife","scotland",NA,NA,"0000-0002-4384-978X","WOS:000088214400018",126,"J",2000,"ECOLOGICAL SOC AMER",2000
"135",375,375,375,"Kurki, S",1,"Univ Turku, Dept Biol, Sect Ecol, FIN-20014 Turku, Finland.","univ turku","dept biol","20014","f turku",NA,"finland",NA,"A-3088-2010",NA,"WOS:000088214400019",127,"J",2000,"WILEY",2000
"136",378,378,378,"Peacor, SD",1,"Univ Michigan, Dept Biol, Ann Arbor, MI 48109 USA.","univ michigan","dept biol","48109","ann arbor","mi","usa",NA,NA,NA,"WOS:000088214400020",128,"J",2000,"ECOLOGICAL SOC AMER",2000
"137",383,383,383,"Reed, DC",1,"Univ Calif Santa Barbara, Inst Marine Sci, Santa Barbara, CA 93106 USA.","univ calif santa barbara","inst marine sci","93106","santa barbara","ca","usa",NA,NA,NA,"WOS:000088214400021",129,"J",2000,"ECOLOGICAL SOC AMER",2000
"138",385,385,385,"Taniguchi, Y",1,"Hokkaido Univ, Grad Sch Environm Earth Sci, Sapporo, Hokkaido 0600808, Japan.","hokkaido univ","grad sch environm earth sci","06008","hokkaido",NA,"japan",NA,NA,NA,"WOS:000088214400022",130,"J",2000,"WILEY",2000
"139",387,387,387,"Fieberg, J",1,"N Carolina State Univ, Dept Stat, Biomath Grad Program, Raleigh, NC 27695 USA.","n carolina state univ","biomath grad program","27695","raleigh","nc","usa",NA,"Y-3988-2019","0000-0002-3180-7021","WOS:000088214400023",131,"J",2000,"ECOLOGICAL SOC AMER",2000
"140",388,388,388,"Stanley, TR",1,"US Geol Survey, Midcontinent Ecol Sci Ctr, Ft Collins, CO 80525 USA.","us geol survey","midcontinent ecol sci ctr","80525","ft collins","co","usa",NA,NA,NA,"WOS:000088214400024",132,"J",2000,"ECOLOGICAL SOC AMER",2000
"141",389,389,389,"Bi, HQ",1,"State Forest New S Wales, Div Res & Dev, Beecroft, NSW 2119, Australia.","state forest new s wales","div res & dev",NA,"beecroft","nsw","australia",NA,NA,NA,"WOS:000087446100001",133,"J",2000,"ECOLOGICAL SOC AMER",2000
"142",393,393,393,"Niklasson, M",1,"Swedish Univ Agr Sci, Dept Forest Vegetat Ecol, S-90183 Umea, Sweden.","swedish univ agr sci","dept forest vegetat ecol","90183","umea",NA,"sweden",NA,NA,NA,"WOS:000087446100002",134,"J",2000,"ECOLOGICAL SOC AMER",2000
"143",394,394,394,"Bergeron, Y",1,"Univ Quebec, Grp Rech Ecol Forestiere Interuniv, Montreal, PQ H3C 3P8, Canada.","univ quebec","grp rech ecol forestiere interuniv","h3c 3p8","pq",NA,"canada",NA,NA,NA,"WOS:000087446100003",135,"J",2000,"ECOLOGICAL SOC AMER",2000
"144",395,395,395,"Lomolino, MV",1,"Univ Oklahoma, Oklahoma Nat Heritage Inventory, Oklahoma Biol Survey, Norman, OK 73072 USA.","univ oklahoma","oklahoma biol survey","73072","norman","ok","usa",NA,NA,NA,"WOS:000087446100004",136,"J",2000,"ECOLOGICAL SOC AMER",2000
"145",399,399,399,"Pierce, BM",1,"Univ Alaska, Inst Arctic Biol, Fairbanks, AK 99775 USA.","univ alaska","inst arctic biol","99775","fairbanks","ak","usa",NA,NA,NA,"WOS:000087446100005",137,"J",2000,"ECOLOGICAL SOC AMER",2000
"146",401,401,401,"Tielborger, K",1,"Tech Univ Berlin, Inst Okol, D-12165 Berlin, Germany.","tech univ berlin","inst okol","12165","berlin",NA,"germany",NA,NA,NA,"WOS:000087446100006",138,"J",2000,"ECOLOGICAL SOC AMER",2000
"147",402,402,402,"Medel, R",1,"Univ Chile, Dept Ciencias Ecol, Santiago, Chile.","univ chile",NA,"encia","dept cis ecol","santiago","chile",NA,NA,"0000-0001-9955-764X","WOS:000087446100007",139,"J",2000,"ECOLOGICAL SOC AMER",2000
"148",404,404,404,"Underwood, N",1,"Duke Univ, Dept Zool, Durham, NC 27708 USA.","duke univ","dept zool","27708","durham","nc","usa",NA,NA,NA,"WOS:000087446100008",140,"J",2000,"WILEY-BLACKWELL",2000
"149",406,406,406,"Mopper, S",1,"Univ SW Louisiana, Dept Biol, Lafayette, LA 70504 USA.","univ sw louisiana","dept biol","70504","lafayette","la","usa",NA,NA,NA,"WOS:000087446100009",141,"J",2000,"ECOLOGICAL SOC AMER",2000
"150",410,410,410,"Forkner, RE",1,"Univ Georgia, Inst Ecol, Athens, GA 30602 USA.","univ georgia","inst ecol","30602","athens","ga","usa",NA,NA,NA,"WOS:000087446100010",142,"J",2000,"ECOLOGICAL SOC AMER",2000
"151",412,412,412,"Ritchie, ME",1,"Utah State Univ, Ctr Ecol, Logan, UT 84322 USA.","utah state univ","ctr ecol","84322","logan","ut","usa",NA,NA,NA,"WOS:000087446100011",143,"J",2000,"ECOLOGICAL SOC AMER",2000
"152",414,414,414,"Neubert, MG",1,"Woods Hole Oceanog Inst, Dept Biol, Woods Hole, MA 02543 USA.","woods hole oceanog inst","dept biol","02543","woods hole","ma","usa",NA,NA,"0000-0001-8820-5008","WOS:000087446100012",144,"J",2000,"WILEY",2000
"153",415,415,415,"Hiebeler, D",1,"Cornell Univ, Ctr Appl Math, Ithaca, NY 14853 USA.","cornell univ","ctr appl math","14853","ithaca","ny","usa",NA,NA,NA,"WOS:000087446100013",145,"J",2000,"ECOLOGICAL SOC AMER",2000
"154",418,418,418,"Roland, J",1,"Univ Alberta, Dept Biol Sci, Edmonton, AB T6G 2E9, Canada.","univ alberta","dept biol sci","t6g 2e9","ab",NA,"canada",NA,"A-3749-2014","0000-0001-8452-6648","WOS:000087446100014",146,"J",2000,"ECOLOGICAL SOC AMER",2000
"155",421,421,421,"Zanette, L",1,"Univ New England, Dept Zool, Armidale, NSW 2351, Australia.","univ new england","dept zool",NA,"armidale","nsw","australia",NA,NA,NA,"WOS:000087446100015",147,"J",2000,"ECOLOGICAL SOC AMER",2000
"156",422,422,422,"Ehrlen, J",1,"Univ Stockholm, Dept Bot, S-10691 Stockholm, Sweden.","univ stockholm","dept bot","10691","stockholm",NA,"sweden",NA,"H-6286-2013","0000-0001-8539-8967","WOS:000087446100016",148,"J",2000,"ECOLOGICAL SOC AMER",2000
"157",424,424,422,"Ehrlen, J",1,"Uppsala Univ, Dept Ecol Bot, S-75236 Uppsala, Sweden.","uppsala univ","dept ecol bot","75236","uppsala",NA,"sweden",NA,"H-6286-2013","0000-0001-8539-8967","WOS:000087446100017",149,"J",2000,"ECOLOGICAL SOC AMER",2000
"158",426,426,426,"Skalski, GT",1,"N Carolina State Univ, Dept Zool, Raleigh, NC 27695 USA.","n carolina state univ","dept zool","27695","raleigh","nc","usa",NA,NA,NA,"WOS:000087446100018",150,"J",2000,"WILEY",2000
"159",427,427,427,"Schaus, MH",1,"Miami Univ, Dept Zool, Oxford, OH 45056 USA.","miami univ","dept zool","45056","oxford","oh","usa",NA,NA,NA,"WOS:000087446100019",151,"J",2000,"WILEY",2000
"160",430,430,430,"Guss, S",1,"GKSS Res Ctr, Inst Hydrophys, D-21502 Geesthacht, Germany.","gkss res ctr","inst hydrophys","21502","geesthacht",NA,"germany",NA,NA,NA,"WOS:000087446100020",152,"J",2000,"ECOLOGICAL SOC AMER",2000
"161",434,434,434,"Morey, S",1,"Univ Calif Riverside, Dept Biol, Riverside, CA 92521 USA.","univ calif riverside","dept biol","92521","riverside","ca","usa",NA,NA,NA,"WOS:000087446100021",153,"J",2000,"ECOLOGICAL SOC AMER",2000
"162",439,439,439,"Greenberg, R",1,"Smithsonian Migratory Bird Ctr, Dept Zool Res, Washington, DC 20008 USA.","smithsonian migratory bird ctr","dept zool res","20008","washington","dc","usa",NA,NA,NA,"WOS:000087446100022",154,"J",2000,"ECOLOGICAL SOC AMER",2000
"163",442,442,442,"Bruno, JF",1,"Brown Univ, Dept Ecol & Evolutionary Biol, Providence, RI 02912 USA.","brown univ","dept ecol & evolutionary biol","02912","providence","ri","usa",NA,NA,NA,"WOS:000086795100001",155,"J",2000,"WILEY-BLACKWELL",2000
"164",444,444,444,"Robbins, BD",1,"Univ S Florida, Dept Biol, Tampa, FL 33620 USA.","univ s florida","dept biol","33620","tampa","fl","usa",NA,NA,NA,"WOS:000086795100002",156,"J",2000,"ECOLOGICAL SOC AMER",2000
"165",446,446,446,"Lively, CM",1,"Indiana Univ, Dept Biol, Bloomington, IN 47405 USA.","indiana univ","dept biol","47405","bloomington","in","usa",NA,"A-8057-2011",NA,"WOS:000086795100005",157,"J",2000,"ECOLOGICAL SOC AMER",2000
"166",450,450,450,"Hunter, AF",1,"Univ Massachusetts, Dept Entomol, Amherst, MA 01003 USA.","univ massachusetts","dept entomol","01003","amherst","ma","usa",NA,NA,NA,"WOS:000086795100006",158,"J",2000,"ECOLOGICAL SOC AMER",2000
"167",451,451,451,"Bradshaw, WE",1,"Univ Oregon, Dept Biol, Eugene, OR 97403 USA.","univ oregon","dept biol","97403","eugene","or","usa",NA,NA,NA,"WOS:000086795100007",159,"J",2000,"ECOLOGICAL SOC AMER",2000
"168",456,456,456,"Mueller, LD",1,"Univ Calif Irvine, Dept Ecol & Evolutionary Biol, Irvine, CA 92697 USA.","univ calif irvine","dept ecol & evolutionary biol","92697","irvine","ca","usa",NA,NA,NA,"WOS:000086795100008",160,"J",2000,"ECOLOGICAL SOC AMER",2000
"169",457,457,457,"Amarasekare, P",1,"Univ Calif Irvine, Dept Ecol & Evolutionary Biol, Irvine, CA 92697 USA.","univ calif irvine","dept ecol & evolutionary biol","92697","irvine","ca","usa",NA,NA,NA,"WOS:000086795100009",161,"J",2000,"ECOLOGICAL SOC AMER",2000
"170",458,458,458,"Hellgren, EC",1,"Oklahoma State Univ, Dept Zool, Stillwater, OK 74078 USA.","oklahoma state univ","dept zool","74078","stillwater","ok","usa",NA,NA,"0000-0002-3870-472X","WOS:000086795100010",162,"J",2000,"WILEY",2000
"171",462,462,462,"Berteaux, D",1,"Univ Alberta, Dept Biol Sci, Edmonton, AB T6G 2E9, Canada.","univ alberta","dept biol sci","t6g 2e9","ab",NA,"canada",NA,"J-3276-2016","0000-0003-2728-5985","WOS:000086795100011",163,"J",2000,"WILEY",2000
"172",466,466,466,"Lawler, IR",1,"Australian Natl Univ, Div Bot & Zool, Canberra, ACT 0200, Australia.","australian natl univ","div bot & zool",NA,"canberra","act","australia",NA,"G-3901-2010",NA,"WOS:000086795100012",164,"J",2000,"ECOLOGICAL SOC AMER",2000
"173",470,470,470,"Nager, RG",1,"Univ Glasgow, Div Environm & Evolutionary Biol, Ornithol Grp, Glasgow G12 8QQ, Lanark, Scotland.","univ glasgow","div environm & evolutionary biol","g12 8qq","glasgow","lanark","scotland",NA,NA,NA,"WOS:000086795100013",165,"J",2000,"WILEY",2000
"174",472,472,526,"Schlosser, IJ",1,"Univ N Dakota, Dept Biol, Grand Forks, ND 58202 USA.","univ n dakota","dept biol","58202","grand forks","nd","usa",NA,NA,NA,"WOS:000086795100015",166,"J",2000,"ECOLOGICAL SOC AMER",2000
"175",473,473,473,"Bragg, DC",1,"Utah State Univ, Dept Forest Resources, Logan, UT 84322 USA.","utah state univ","dept forest resources","84322","logan","ut","usa",NA,NA,NA,"WOS:000086795100016",167,"J",2000,"WILEY",2000
"176",475,475,475,"Johnson, CM",1,"Univ Penn, Dept Geol, Philadelphia, PA 19104 USA.","univ penn","dept geol","19104","philadelphia","pa","usa",NA,NA,NA,"WOS:000086795100017",168,"J",2000,"ECOLOGICAL SOC AMER",2000
"177",477,477,477,"Cavigelli, MA",1,"Michigan State Univ, WK Kellogg Biol Stn, Ctr Microbial Ecol, Hickory Corners, MI 49060 USA.","michigan state univ","ctr microbial ecol","49060","hickory corners","mi","usa",NA,NA,NA,"WOS:000086795100018",169,"J",2000,"ECOLOGICAL SOC AMER",2000
"178",480,480,480,"Gebauer, RLE",1,"Univ Utah, Dept Biol, Salt Lake City, UT 84112 USA.","univ utah","dept biol","84112","salt lake city","ut","usa",NA,NA,NA,"WOS:000086795100019",170,"J",2000,"WILEY",2000
"179",481,481,481,"Leuschner, C",1,"Univ Kassel, FB 19, D-34132 Kassel, Germany.","univ kassel","fb 19","34132","kassel",NA,"germany",NA,NA,NA,"WOS:000086795100020",171,"J",2000,"ECOLOGICAL SOC AMER",2000
"180",485,485,485,"Egerton, JJG",1,"Australian Natl Univ, Sch Biol Sci, Inst Adv Studies, Ecosyst Dynam Grp, Canberra, ACT 0200, Australia.","australian natl univ","sch biol sci",NA,"canberra","act","australia",NA,"B-6391-2008","0000-0002-8657-5109","WOS:000086795100021",172,"J",2000,"ECOLOGICAL SOC AMER",2000
"181",487,487,487,"Davies, KF",1,"Australian Natl Univ, Div Bot & Zool, Canberra, ACT 0200, Australia.","australian natl univ","div bot & zool",NA,"canberra","act","australia",NA,NA,NA,"WOS:000086795100022",173,"J",2000,"ECOLOGICAL SOC AMER",2000
"182",490,490,490,"Hjermann, DO",1,"Univ Oslo, Dept Biol, Div Zool, N-0316 Oslo, Norway.","univ oslo","dept biol","0316","oslo",NA,"norway",NA,NA,NA,"WOS:000086795100023",174,"J",2000,"ECOLOGICAL SOC AMER",2000
"183",492,492,492,"Wilsey, BJ",1,"McGill Univ, Dept Biol, Montreal, PQ H3A 1B1, Canada.","mcgill univ","dept biol","h3a 1b1","pq",NA,"canada",NA,NA,"0000-0002-0628-5006","WOS:000086351500001",175,"J",2000,"ECOLOGICAL SOC AMER",2000
"184",494,494,494,"Yeakley, JA",1,"Portland State Univ, Portland, OR 97207 USA.","portland state univ",NA,"97207","portland","or","usa",NA,NA,"0000-0001-9705-095X","WOS:000086351500002",176,"J",2000,"ECOLOGICAL SOC AMER",2000
"185",495,495,495,"Jansson, R",1,"Umea Univ, Landscape Ecol Grp, Dept Ecol & Environm Sci, SE-90187 Umea, Sweden.","umea univ","landscape ecol grp","90187","umea",NA,"sweden",NA,"B-7972-2013","0000-0003-1767-7010","WOS:000086351500003",177,"J",2000,"ECOLOGICAL SOC AMER",2000
"186",498,498,498,"Eisenberg, JNS",1,"Univ Calif Berkeley, Sch Publ Hlth, Div Environm Hlth Sci, Berkeley, CA 94720 USA.","univ calif berkeley","div environm hlth sci","94720","berkeley","ca","usa",NA,NA,NA,"WOS:000086351500005",178,"J",2000,"ECOLOGICAL SOC AMER",2000
"187",502,502,502,"Eubanks, MD",1,"Univ Maryland, Dept Entomol, College Pk, MD 20742 USA.","univ maryland","dept entomol","20742","college pk","md","usa",NA,NA,NA,"WOS:000086351500006",179,"J",2000,"WILEY",2000
"188",503,503,503,"Beckerman, AP",1,"Yale Univ, Sch Forestry & Environm Studies, New Haven, CT 06511 USA.","yale univ","sch forestry & environm studies","06511","new haven","ct","usa",NA,"D-3020-2011","0000-0002-4797-9143","WOS:000086351500007",180,"J",2000,"WILEY",2000
"189",504,504,504,"Heeb, P",1,"Univ Bern, Dept Zool, Ctr Behav & Evolut, CH-3032 Hinterkappelen, Switzerland.","univ bern","dept zool","3032","hinterkappelen",NA,"switzerland",NA,NA,NA,"WOS:000086351500008",181,"J",2000,"WILEY",2000
"190",509,509,509,"van der Wal, R",1,"Univ Groningen, Zool Lab, NL-9750 AA Haren, Netherlands.","univ groningen","zool lab","9750","aa haren",NA,"netherlands",NA,"F-3177-2010",NA,"WOS:000086351500009",182,"J",2000,"WILEY",2000
"191",513,513,513,"Moss, R",1,"Inst Terr Ecol, Banchory AB31 4BY, Kincardine, Scotland.","inst terr ecol","inst terr ecol","ab31 4by","banchory","kincardine","scotland",NA,NA,NA,"WOS:000086351500010",183,"J",2000,"ECOLOGICAL SOC AMER",2000
"192",516,516,516,"Arlettaz, R",1,"Univ Lausanne, Inst Zool & Anim Ecol, CH-1015 Lausanne, Switzerland.","univ lausanne","inst zool & anim ecol","1015","lausanne",NA,"switzerland",NA,"O-2182-2016","0000-0001-6360-5339","WOS:000086351500012",184,"J",2000,"ECOLOGICAL SOC AMER",2000
"193",521,521,521,"Leonard, GH",1,"Brown Univ, Dept Ecol & Evolutionary Biol, Providence, RI 02912 USA.","brown univ","dept ecol & evolutionary biol","02912","providence","ri","usa",NA,NA,NA,"WOS:000086351500013",185,"J",2000,"WILEY",2000
"194",522,522,522,"Nakaoka, M",1,"Univ N Carolina, Inst Marine Sci, Morehead City, NC 28557 USA.","univ n carolina","inst marine sci","28557","morehead city","nc","usa",NA,"I-9237-2019","0000-0002-5722-3585","WOS:000086351500014",186,"J",2000,"ECOLOGICAL SOC AMER",2000
"195",526,526,526,"Schlosser, IJ",1,"Univ N Dakota, Dept Biol, Univ Stn, Grand Forks, ND 58202 USA.","univ n dakota","univ stn","58202","grand forks","nd","usa",NA,NA,NA,"WOS:000086351500015",187,"J",2000,"ECOLOGICAL SOC AMER",2000
"196",528,528,528,"Persson, L",1,"Umea Univ, Dept Ecol & Environm Sci, S-90187 Umea, Sweden.","umea univ","dept ecol & environm sci","90187","umea",NA,"sweden",NA,NA,NA,"WOS:000086351500016",188,"J",2000,"ECOLOGICAL SOC AMER",2000
"197",530,530,530,"Berntson, GM",1,"Univ New Hampshire, Complex Syst Res Ctr, Durham, NH 03824 USA.","univ new hampshire","complex syst res ctr","03824","durham","nh","usa",NA,NA,NA,"WOS:000086351500017",189,"J",2000,"WILEY",2000
"198",532,532,532,"Cater, TC",1,"Univ Alaska, Inst Arctic Biol, Fairbanks, AK 99775 USA.","univ alaska","inst arctic biol","99775","fairbanks","ak","usa",NA,NA,NA,"WOS:000086351500018",190,"J",2000,"WILEY",2000
"199",534,534,534,"Huth, CJ",1,"Vanderbilt Univ, Dept Biol, Nashville, TN 37235 USA.","vanderbilt univ","dept biol","37235","nashville","tn","usa",NA,NA,NA,"WOS:000086351500019",191,"J",2000,"ECOLOGICAL SOC AMER",2000
"200",537,537,537,"Garten, CT",1,"Oak Ridge Natl Lab, Div Environm Sci, Oak Ridge, TN 37831 USA.","oak ridge natl lab","div environm sci","37831","oak ridge","tn","usa",NA,NA,"0000-0001-5303-3031","WOS:000086351500020",192,"J",2000,"WILEY",2000
"201",540,540,540,"Hansen, RA",1,"Univ Georgia, Inst Ecol, Athens, GA 30602 USA.","univ georgia","inst ecol","30602","athens","ga","usa",NA,NA,NA,"WOS:000086351500021",193,"J",2000,"ECOLOGICAL SOC AMER",2000
"202",542,542,542,"Moriuchi, KS",1,"Univ Arizona, Dept Ecol & Evolutionary Biol, Tucson, AZ 85721 USA.","univ arizona","dept ecol & evolutionary biol","85721","tucson","az","usa",NA,NA,NA,"WOS:000086351500022",194,"J",2000,"ECOLOGICAL SOC AMER",2000
"203",545,545,545,"Damgaard, C",1,"Natl Environm Res Inst, Dept Terr Ecol, DK-8600 Silkeborg, Denmark.","natl environm res inst","natl environm res inst","8600","silkeborg",NA,"denmark",NA,"G-2441-2010","0000-0003-3932-4312","WOS:000086351500023",195,"J",2000,"ECOLOGICAL SOC AMER",2000
"204",547,547,547,"Veech, JA",1,"Univ Nevada, Dept Biol, Ecol Evolut & Conservat Biol Program, Reno, NV 89557 USA.","univ nevada","ecol evolut & conservat biol program","89557","reno","nv","usa",NA,NA,NA,"WOS:000086351500024",196,"J",2000,"ECOLOGICAL SOC AMER",2000
"205",548,548,548,"Ayarbe, JP",1,"New Mexico Inst Min & Technol, Dept Biol, Socorro, NM 87801 USA.","new mexico inst min & technol","dept biol","87801","socorro","nm","usa",NA,NA,NA,"WOS:000086351500025",197,"J",2000,"ECOLOGICAL SOC AMER",2000
"206",552,552,552,"Nasholm, T",1,"Swedish Univ Agr Sci, Dept Forest Genet & Plant Physiol, S-90183 Umea, Sweden.","swedish univ agr sci","dept forest genet & plant physiol","90183","umea",NA,"sweden",NA,NA,"0000-0002-2275-2030","WOS:000086351500026",198,"J",2000,"ECOLOGICAL SOC AMER",2000
"207",553,553,553,"Hunt, WG",1,"Univ Calif Santa Cruz, Long Marine Lab, Predatory Bird Res Grp, Santa Cruz, CA 95064 USA.","univ calif santa cruz","predatory bird res grp","95064","santa cruz","ca","usa",NA,NA,NA,"WOS:000086351500027",199,"J",2000,"WILEY",2000
"208",556,556,556,"Hawkins, BA",1,"Univ Calif Irvine, Dept Ecol & Evolutionary Biol, Irvine, CA 92697 USA.","univ calif irvine","dept ecol & evolutionary biol","92697","irvine","ca","usa",NA,"A-3510-2011",NA,"WOS:000086351500028",200,"J",2000,"ECOLOGICAL SOC AMER",2000
"209",558,558,558,"Rodenhouse, NL",1,"Wellesley Coll, Dept Biol Sci, Wellesley, MA 02181 USA.","wellesley coll","dept biol sci","02181","wellesley","ma","usa",NA,NA,NA,"WOS:000086351500029",201,"J",2000,"WILEY",2000
"210",560,560,413,"Caswell, H",1,"Woods Hole Oceanog Inst, Dept Biol, Woods Hole, MA 02543 USA.","woods hole oceanog inst","dept biol","02543","woods hole","ma","usa",NA,NA,"0000-0003-4394-6894","WOS:000085611400003",202,"J",2000,"WILEY",2000
"211",563,563,563,"Wisdom, MJ",1,"Univ Idaho, Dept Fish & Wildlife Resources, Moscow, ID 83844 USA.","univ idaho","dept fish & wildlife resources","83844","moscow","id","usa",NA,NA,NA,"WOS:000085611400004",203,"J",2000,"ECOLOGICAL SOC AMER",2000
"212",565,565,565,"Saether, BE",1,"Norwegian Univ Sci & Technol, Dept Zool, N-491 Trondheim, Norway.","norwegian univ sci & technol",NA,NA,"dept zool","n- trondheim","norway",NA,NA,NA,"WOS:000085611400005",204,"J",2000,"WILEY",2000
"213",568,568,568,"Heppell, SS",1,"Duke Univ, Marine Lab, Dept Zool, Beaufort, NC 28516 USA.","duke univ","dept zool","28516","beaufort","nc","usa",NA,NA,NA,"WOS:000085611400006",205,"J",2000,"WILEY",2000
"214",569,569,569,"van Tienderen, PH",1,"Ctr Terr Ecol, Netherlands Inst Ecol, NL-6666 ZG Heteren, Netherlands.","ctr terr ecol","netherlands inst ecol","6666","zg heteren",NA,"netherlands",NA,"I-6018-2012","0000-0002-7225-0856","WOS:000085611400007",206,"J",2000,"WILEY",2000
"215",571,571,571,"Grant, A",1,"Univ E Anglia, Sch Environm Sci, Norwich NR4 7TJ, Norfolk, England.","univ e anglia","sch environm sci","nr4 7tj","norwich","norfolk","england",NA,"L-7301-2018","0000-0002-1147-2375","WOS:000085611400008",207,"J",2000,"ECOLOGICAL SOC AMER",2000
"216",573,573,573,"Easterling, MR",1,"N Carolina State Univ, Dept Stat, Biomath Program, Raleigh, NC 27695 USA.","n carolina state univ","biomath program","27695","raleigh","nc","usa",NA,NA,NA,"WOS:000085611400009",208,"J",2000,"ECOLOGICAL SOC AMER",2000
"217",576,576,576,"Pennings, SC",1,"Univ Georgia, Inst Marine, Sapelo Island, GA 31327 USA.","univ georgia","inst marine","31327","sapelo island","ga","usa",NA,"A-8326-2013","0000-0003-4757-7125","WOS:000085611400010",209,"J",2000,"ECOLOGICAL SOC AMER",2000
"218",578,578,578,"McLachlan, JS",1,"Harvard Univ, Harvard Forest, Petersham, MA 01366 USA.","harvard univ","harvard forest","01366","petersham","ma","usa",NA,NA,NA,"WOS:000085611400011",210,"J",2000,"ECOLOGICAL SOC AMER",2000
"219",580,580,580,"Connor, EF",1,"San Francisco State Univ, Dept Biol, San Francisco, CA 94132 USA.","san francisco state univ","dept biol","94132","san francisco","ca","usa",NA,NA,NA,"WOS:000085611400012",211,"J",2000,"WILEY",2000
"220",583,583,583,"Garcia-Ramos, G",1,"Univ Oxford, Inst Math, Ctr Math Biol, Oxford OX1 3LB, England.","univ oxford","inst math","ox1 3lb","oxford",NA,"england",NA,NA,NA,"WOS:000085611400013",212,"J",2000,"ECOLOGICAL SOC AMER",2000
"221",586,586,586,"Ferguson, SH",1,"Univ Saskatchewan, Dept Biol, Saskatoon, SK S7N 5E2, Canada.","univ saskatchewan","dept biol","s7n 5e2","sk",NA,"canada",NA,NA,NA,"WOS:000085611400014",213,"J",2000,"ECOLOGICAL SOC AMER",2000
"222",590,590,590,"Fauchald, P",1,"Univ Tromso, Fac Sci, Dept Biol, N-9037 Tromso, Norway.","univ tromso","fac sci","9037","tromso",NA,"norway",NA,NA,NA,"WOS:000085611400015",214,"J",2000,"WILEY",2000
"223",592,592,592,"Finelli, CM",1,"Univ S Carolina, Mat Sci Program, Columbia, SC 29208 USA.","univ s carolina","mat sci program","29208","columbia","sc","usa",NA,NA,NA,"WOS:000085611400016",215,"J",2000,"WILEY",2000
"224",596,596,596,"Baines, SB",1,"Univ Wisconsin, Ctr Limnol, Madison, WI 53706 USA.","univ wisconsin","ctr limnol","53706","madison","wi","usa",NA,NA,NA,"WOS:000085611400018",216,"J",2000,"ECOLOGICAL SOC AMER",2000
"225",601,601,601,"Hansson, LA",1,"Inst Ecol Limnol, SE-22362 Lund, Sweden.","inst ecol limnol","inst ecol limnol","22362","lund",NA,"sweden",NA,NA,"0000-0002-3035-1317","WOS:000085611400020",217,"J",2000,"ECOLOGICAL SOC AMER",2000
"226",603,603,603,"Ponsard, S",1,"Univ Paris 11, CNRS, UPRESA 8079, F-91405 Orsay, France.","univ paris 11","cnrs","91405","orsay",NA,"france",NA,NA,NA,"WOS:000085611400021",218,"J",2000,"ECOLOGICAL SOC AMER",2000
"227",605,605,331,"Langellotto, GA",1,"Univ Maryland, Dept Entomol, College Pk, MD 20742 USA.","univ maryland","dept entomol","20742","college pk","md","usa",NA,NA,"0000-0001-6705-2559","WOS:000085611400022",219,"J",2000,"ECOLOGICAL SOC AMER",2000
"228",608,608,608,"Kaitala, A",1,"Univ Stockholm, Dept Zool, S-10691 Stockholm, Sweden.","univ stockholm","dept zool","10691","stockholm",NA,"sweden",NA,NA,NA,"WOS:000085611400023",220,"J",2000,"WILEY",2000
"229",609,609,609,"Georges, JY",1,"CNRS, Ctr Etudes Biol Chize, UPR 1934, F-79360 Villiers En Bois, France.","cnrs","ctr etudes biol chize","79360","villiers en bois",NA,"france",NA,NA,NA,"WOS:000085077200001",221,"J",2000,"ECOLOGICAL SOC AMER",2000
"230",613,613,613,"Weimerskirch, H",1,"CNRS, Ctr Etudes Biol Chize, F-79360 Beauvoir Sur Niort, France.","cnrs","ctr etudes biol chize","79360","beauvoir sur niort",NA,"france",NA,"K-7306-2019","0000-0002-0457-586X","WOS:000085077200002",222,"J",2000,"WILEY",2000
"231",614,614,613,"Weimerskirch, H",1,"CNRS, Ctr Etudes Biol Chize, F-79360 Beauvoir Sur Niort, France.","cnrs","ctr etudes biol chize","79360","beauvoir sur niort",NA,"france",NA,"F-5562-2013","0000-0002-0457-586X","WOS:000085077200002",222,"J",2000,"WILEY",2000
"232",616,616,616,"Hansson, B",1,"Univ Lund, Dept Anim Ecol, S-22362 Lund, Sweden.","univ lund","dept anim ecol","22362","lund",NA,"sweden",NA,"L-8874-2013","0000-0001-6694-8169","WOS:000085077200003",223,"J",2000,"ECOLOGICAL SOC AMER",2000
"233",621,621,621,"Sjoberg, K",1,"Swedish Univ Agr Sci, Dept Anim Ecol, S-90183 Umea, Sweden.","swedish univ agr sci","dept anim ecol","90183","umea",NA,"sweden",NA,NA,NA,"WOS:000085077200004",224,"J",2000,"ECOLOGICAL SOC AMER",2000
"234",622,622,622,"Badyaev, AV",1,"Univ Montana, Div Biol Sci, Missoula, MT 59812 USA.","univ montana","div biol sci","59812","missoula","mt","usa",NA,NA,NA,"WOS:000085077200005",225,"J",2000,"ECOLOGICAL SOC AMER",2000
"235",625,625,625,"Costanzo, JP",1,"Miami Univ, Dept Zool, Oxford, OH 45056 USA.","miami univ","dept zool","45056","oxford","oh","usa",NA,NA,NA,"WOS:000085077200006",226,"J",2000,"WILEY",2000
"236",629,629,629,"McGrady-Steed, J",1,"Rutgers State Univ, Cook Coll, Dept Ecol Evolut & Nat Resources, New Brunswick, NJ 08901 USA.","rutgers state univ","dept ecol evolut & nat resources","08901","new brunswick","nj","usa",NA,NA,NA,"WOS:000085077200007",227,"J",2000,"ECOLOGICAL SOC AMER",2000
"237",631,631,631,"Blumenshine, SC",1,"Univ Notre Dame, Dept Biol Sci, Notre Dame, IN 46556 USA.","univ notre dame","dept biol sci","46556","notre dame","in","usa",NA,NA,NA,"WOS:000085077200008",228,"J",2000,"WILEY",2000
"238",637,637,637,"Klug, JL",1,"Univ Wisconsin, Dept Zool, Madison, WI 53706 USA.","univ wisconsin","dept zool","53706","madison","wi","usa",NA,NA,NA,"WOS:000085077200009",229,"J",2000,"ECOLOGICAL SOC AMER",2000
"239",642,642,642,"Thrush, SF",1,"Natl Inst Water & Atmospher Res, Hamilton, New Zealand.","natl inst water & atmospher res","natl inst water & atmospher res",NA,"hamilton",NA,"new zealand",NA,NA,"0000-0002-4005-3882","WOS:000085077200010",230,"J",2000,"ECOLOGICAL SOC AMER",2000
"240",646,646,646,"Holmes, RM",1,"Marine Biol Lab, Ctr Ecosyst, Woods Hole, MA 02543 USA.","marine biol lab","ctr ecosyst","02543","woods hole","ma","usa",NA,NA,"0000-0002-6413-9154","WOS:000085077200011",231,"J",2000,"ECOLOGICAL SOC AMER",2000
"241",652,652,652,"Hughes, JE",1,"Marine Biol Lab, Ctr Ecosyst, Woods Hole, MA 02543 USA.","marine biol lab","ctr ecosyst","02543","woods hole","ma","usa",NA,NA,NA,"WOS:000085077200012",232,"J",2000,"ECOLOGICAL SOC AMER",2000
"242",656,656,656,"Johnson, LC",1,"Kansas State Univ, Div Biol, Manhattan, KS 66506 USA.","kansas state univ","div biol","66506","manhattan","ks","usa",NA,NA,NA,"WOS:000085077200013",233,"J",2000,"ECOLOGICAL SOC AMER",2000
"243",662,662,662,"Moon, DC",1,"Univ S Florida, Dept Biol, Tampa, FL 33620 USA.","univ s florida","dept biol","33620","tampa","fl","usa",NA,NA,NA,"WOS:000085077200014",234,"J",2000,"ECOLOGICAL SOC AMER",2000
"244",664,664,664,"Morales, MA",1,"Univ Connecticut, Dept Ecol & Evolut, Storrs, CT 06269 USA.","univ connecticut","dept ecol & evolut","06269","storrs","ct","usa",NA,NA,NA,"WOS:000085077200015",235,"J",2000,"ECOLOGICAL SOC AMER",2000
"245",667,667,667,"Norton, AP",1,"Cornell Univ, New York State Agr Expt Stn, Dept Entomol, Geneva, NY 14456 USA.","cornell univ","dept entomol","14456","geneva","ny","usa",NA,NA,NA,"WOS:000085077200016",236,"J",2000,"ECOLOGICAL SOC AMER",2000
"246",669,669,325,"Agrawal, AA",1,"Univ Calif Davis, Ctr Populat Biol, Livermore, CA 95616 USA.","univ calif davis","ctr populat biol","95616","livermore","ca","usa",NA,"Y-2497-2019","0000-0003-0095-1220","WOS:000085077200017",237,"J",2000,"WILEY",2000
"247",670,670,670,"Hare, JD",1,"Univ Calif Riverside, Dept Entomol, Riverside, CA 92521 USA.","univ calif riverside","dept entomol","92521","riverside","ca","usa",NA,"F-9415-2015","0000-0001-8424-4683","WOS:000085077200018",238,"J",2000,"ECOLOGICAL SOC AMER",2000
"248",674,674,674,"Ouborg, NJ",1,"Inst Ecol, Dept Plant Populat Biol, NL-6666 ZG Heteren, Netherlands.","inst ecol","inst ecol","6666","zg heteren",NA,"netherlands",NA,"C-1028-2011",NA,"WOS:000085077200019",239,"J",2000,"WILEY",2000
"249",675,675,675,"Eckert, CG",1,"Queens Univ, Dept Biol, Kingston, ON K7L 3N6, Canada.","queens univ","dept biol","k7l 3n6","on",NA,"canada",NA,NA,NA,"WOS:000085077200020",240,"J",2000,"ECOLOGICAL SOC AMER",2000
"250",676,676,676,"Aubry, P",1,"Univ Lyon 1, CNRS, UMR 5558, F-69622 Villeurbanne, France.","univ lyon 1","cnrs","69622","villeurbanne",NA,"france",NA,NA,NA,"WOS:000085077200021",241,"J",2000,"ECOLOGICAL SOC AMER",2000
"251",678,678,678,"Runkle, JR",1,"Wright State Univ, Dept Biol Sci, Dayton, OH 45435 USA.","wright state univ","dept biol sci","45435","dayton","oh","usa",NA,NA,NA,"WOS:000085077200022",242,"J",2000,"ECOLOGICAL SOC AMER",2000
"252",679,679,679,"Connell, JH",1,"Australian Natl Univ, Ecosyst Dynam Grp, Res Sch Biol Sci, Canberra, ACT 0200, Australia.","australian natl univ","ecosyst dynam grp",NA,"canberra","act","australia",NA,NA,NA,"WOS:000085077200023",243,"J",2000,"ECOLOGICAL SOC AMER",2000
"253",681,681,681,"Herwitz, SR",1,"Clark Univ, Grad Sch Geog, Worcester, MA 01610 USA.","clark univ","grad sch geog","01610","worcester","ma","usa",NA,NA,NA,"WOS:000085077200024",244,"J",2000,"WILEY",2000
"254",684,684,93,"Fox, CW",1,"Fordham Univ, Louis Calder Ctr, Biol Field Stn, Armonk, NY 10504 USA.","fordham univ","biol field stn","10504","armonk","ny","usa",NA,"I-5274-2012","0000-0002-7545-7967","WOS:000084913400001",245,"J",2000,"ECOLOGICAL SOC AMER",2000
"255",688,688,688,"Post, DM",1,"Cornell Univ, Dept Ecol & Evolut Biol, Ithaca, NY 14853 USA.","cornell univ","dept ecol & evolut biol","14853","ithaca","ny","usa",NA,"A-6987-2009","0000-0003-1434-7729","WOS:000084913400002",246,"J",2000,"WILEY-BLACKWELL",2000
"256",689,689,94,"Herrera, CM",1,"CSIC, Estac Biol Donana, E-41080 Seville, Spain.","csic","estac biol donana","41080","seville",NA,"spain",NA,"A-4088-2008","0000-0003-2452-3888","WOS:000084913400003",247,"J",2000,"ECOLOGICAL SOC AMER",2000
"257",690,690,94,"Herrera, CM",1,"CSIC, Estac Biol Donana, E-41080 Seville, Spain.","csic","estac biol donana","41080","seville",NA,"spain",NA,"A-4088-2008","0000-0003-2452-3888","WOS:000084913400003",247,"J",2000,"ECOLOGICAL SOC AMER",2000
"258",691,691,94,"Herrera, CM",1,"CSIC, Estac Biol Donana, E-41080 Seville, Spain.","csic","estac biol donana","41080","seville",NA,"spain",NA,"AAS-3831-2020","0000-0003-2452-3888","WOS:000084913400003",247,"J",2000,"ECOLOGICAL SOC AMER",2000
"259",692,692,94,"Herrera, CM",1,"CSIC, Estac Biol Donana, E-41080 Seville, Spain.","csic","estac biol donana","41080","seville",NA,"spain",NA,"AAS-3831-2020","0000-0003-2452-3888","WOS:000084913400003",247,"J",2000,"ECOLOGICAL SOC AMER",2000
"260",694,694,694,"Mothershead, K",1,"Univ Missouri, St Louis, MO 63121 USA.","univ missouri",NA,"63121","st louis","mo","usa",NA,NA,NA,"WOS:000084913400004",248,"J",2000,"ECOLOGICAL SOC AMER",2000
"261",696,696,696,"Juenger, T",1,"Univ Chicago, Dept Ecol & Evolutionary Biol, Chicago, IL 60637 USA.","univ chicago","dept ecol & evolutionary biol","60637","chicago","il","usa",NA,NA,NA,"WOS:000084913400005",249,"J",2000,"ECOLOGICAL SOC AMER",2000
"262",699,699,699,"Mutikainen, P",1,"Univ Turku, Dept Biol, FIN-20014 Turku, Finland.","univ turku","dept biol","20014","f turku",NA,"finland",NA,NA,NA,"WOS:000084913400006",250,"J",2000,"ECOLOGICAL SOC AMER",2000
"263",704,704,704,"Sirotnak, JM",1,"Idaho State Univ, Ctr Ecol Res & Educ, Pocatello, ID 83209 USA.","idaho state univ","ctr ecol res & educ","83209","pocatello","id","usa",NA,NA,NA,"WOS:000084913400008",251,"J",2000,"ECOLOGICAL SOC AMER",2000
"264",705,705,141,"Knops, J",1,"Univ Minnesota, Dept Ecol Evolut & Behav, St Paul, MN 55108 USA.","univ minnesota","dept ecol evolut & behav","55108","st paul","mn","usa",NA,"AAA-8546-2020",NA,"WOS:000084913400009",252,"J",2000,"ECOLOGICAL SOC AMER",2000
"265",707,707,707,"Symstad, AJ",1,"Univ Minnesota, Dept Ecol Evolut & Behav, St Paul, MN 55108 USA.","univ minnesota","dept ecol evolut & behav","55108","st paul","mn","usa",NA,NA,NA,"WOS:000084913400010",253,"J",2000,"WILEY",2000
"266",708,708,708,"Woods, KD",1,"Bennington Coll, Bennington, VT 05201 USA.","bennington coll",NA,"05201","bennington","vt","usa",NA,NA,"0000-0003-1029-6995","WOS:000084913400011",254,"J",2000,"ECOLOGICAL SOC AMER",2000
"267",710,710,710,"Sterner, RW",1,"Univ Minnesota, Dept Ecol Evolut & Behav, St Paul, MN 55108 USA.","univ minnesota","dept ecol evolut & behav","55108","st paul","mn","usa",NA,NA,"0000-0003-2292-6122","WOS:000084913400012",255,"J",2000,"ECOLOGICAL SOC AMER",2000
"268",712,712,712,"Merriman, JL",1,"New Mexico Inst Min & Technol, Dept Biol, Socorro, NM 87801 USA.","new mexico inst min & technol","dept biol","87801","socorro","nm","usa",NA,NA,NA,"WOS:000084913400013",256,"J",2000,"WILEY",2000
"269",714,714,714,"Straile, D",1,"Univ Konstanz, Limnol Inst, D-78457 Constance, Germany.","univ konstanz","limnol inst","78457","constance",NA,"germany",NA,"A-4065-2008","0000-0002-7441-8552","WOS:000084913400014",257,"J",2000,"WILEY",2000
"270",715,715,715,"Cottingham, KL",1,"Univ Wisconsin, Ctr Limnol, Madison, WI 53706 USA.","univ wisconsin","ctr limnol","53706","madison","wi","usa",NA,"H-1593-2012","0000-0003-3169-5047","WOS:000084913400016",258,"J",2000,"ECOLOGICAL SOC AMER",2000
"271",717,717,717,"Knick, ST",1,"US Geol Survey, Forest & Rangeland Ecosyst Sci Ctr, Boise, ID 83706 USA.","us geol survey","forest & rangeland ecosyst sci ctr","83706","boise","id","usa",NA,NA,NA,"WOS:000084913400018",259,"J",2000,"WILEY",2000
"272",719,719,719,"McShea, WJ",1,"Natl Zool Pk, Conservat & Res Ctr, Front Royal, VA 22630 USA.","natl zool pk","conservat & res ctr","22630","front royal","va","usa",NA,NA,NA,"WOS:000084913400019",260,"J",2000,"ECOLOGICAL SOC AMER",2000
"273",721,721,721,"Hanski, I",1,"Univ Helsinki, Div Populat Biol, Dept Ecol & Systemat, FIN-00014 Helsinki, Finland.","univ helsinki","div populat biol","00014","f hki",NA,"finland",NA,NA,NA,"WOS:000084913400020",261,"J",2000,"ECOLOGICAL SOC AMER",2000
"274",723,723,723,"Kokko, H",1,"Univ Cambridge, Dept Zool, Cambridge CB2 3EJ, England.","univ cambridge","dept zool","cb2 3ej","cambridge",NA,"england",NA,"C-7861-2009",NA,"WOS:000084913400021",262,"J",2000,"WILEY",2000
"275",725,725,725,"Yodzis, P",1,"Univ Guelph, Dept Zool, Guelph, ON N1G 2W1, Canada.","univ guelph","dept zool","n1g 2w1","on",NA,"canada",NA,NA,NA,"WOS:000084913400022",263,"J",2000,"ECOLOGICAL SOC AMER",2000
"276",726,726,726,"Levey, DJ",1,"Univ Florida, Dept Zool, Gainesville, FL 32611 USA.","univ florida","dept zool","32611","gainesville","fl","usa",NA,NA,NA,"WOS:000084913400023",264,"J",2000,"ECOLOGICAL SOC AMER",2000
"277",728,728,728,"Gordon, WS",1,"Univ Texas, Sect Integrat Biol, Austin, TX 78712 USA.","univ texas","sect integrat biol","78712","austin","tx","usa",NA,NA,NA,"WOS:000084913400024",265,"J",2000,"ECOLOGICAL SOC AMER",2000
"278",731,731,731,"Stiling, P",1,"Univ S Florida, Dept Biol, Tampa, FL 33620 USA.","univ s florida","dept biol","33620","tampa","fl","usa",NA,NA,NA,"WOS:000084913400025",266,"J",2000,"ECOLOGICAL SOC AMER",2000
